distance,speed,traffic_level,stops_remaining,time_of_day,eta
5.930831723286756,20.46822734943624,1,8,14.21783802089107,29.037858089712756
14.285357442943784,19.879151962879995,0,5,7.897810799733048,48.39022999848263
11.113912156265373,46.250183220841464,0,6,7.961850308344938,18.211196467139988
9.180548020857032,19.981847993980246,2,3,19.626170832224282,52.17668015037113
2.7622702864153297,20.87798904514524,2,3,14.999640562908068,16.463202960160878
2.7619205448749384,40.37593049671855,0,1,14.187015383729165,4.42628714852865
1.3422123764388922,27.9895936980216,0,4,17.569636303132157,6.062353967042586
13.05955411373656,41.06842227820725,1,7,20.600306918042428,30.351303758582066
9.216167670276528,12.614646302575409,2,6,16.69084345502619,84.2429108900872
10.76705237804266,29.502847746935373,1,6,18.968414339890145,33.31169774299264
0.7984751672891355,11.344544007331304,1,5,19.00959890998827,9.14355658197732
14.563692856348919,12.50612813821418,1,2,12.056444629480303,92.60001777409549
12.570418291606115,46.25749813377644,0,4,10.659414325896927,19.390100509556543
3.5789171048350044,15.569814844703807,1,0,19.619789141977698,17.36653843314642
3.136462024502959,31.296827291008682,1,6,12.412039460332139,12.492623118656727
3.1593653928747902,26.443824104028263,0,8,21.356712110885987,13.683947232871152
4.911512522913297,23.893733050353706,2,0,7.1847418444120335,22.2362449559915
8.10896825866745,45.9933338274909,2,1,6.989697705280774,20.006363133926932
6.763202770310679,10.87293587101958,1,2,21.75907072172394,49.85445513068642
4.722822532871608,36.551587447023564,0,2,17.023733541084393,9.511392715369766
9.371866973474502,48.535777368542014,2,7,12.45318905962165,26.513986451731004
2.5226609794546064,32.40672733847368,1,6,18.836027051875107,10.935926706173522
4.736097403760663,47.472898481323675,1,5,17.429555769891902,11.797788612227652
5.81224672775853,12.09031517144095,0,9,15.030417795933136,37.13219158566184
7.113014771147021,26.751732762966455,1,9,7.680846825265073,28.49447305341376
11.885051440198698,20.406311638482045,2,3,19.807052983976774,65.44909512598366
3.395269841296216,39.23283859922919,0,8,20.72239424157062,11.192388104494933
7.956399356997368,49.25188361988987,2,0,8.926867705395034,17.30070212144026
9.090011248499616,20.26120249776991,2,1,20.458698083610134,50.06114925359302
1.173530984439967,36.16698405896298,2,3,20.923404287281592,5.622869537787289
9.309400352570856,17.923905310389607,1,2,15.340286408904772,42.02913382022617
2.972599793465727,32.61321018286439,1,0,17.15504361578568,6.998772767653858
1.443248098286553,28.557299467533447,2,4,12.498034440246354,8.842120620340292
14.258840290173332,48.88021318526148,2,6,10.790458007657522,36.086341962020775
14.50166447958111,34.341090907858664,0,1,18.273713498177962,26.225418766846975
12.221761547688686,23.980254883472753,0,4,20.65187753326874,33.57240363092038
4.916899653013875,14.563831395517335,1,5,17.119318400247707,30.990859641087653
1.9162456530925662,16.04987314939738,1,6,14.697040380991336,13.769530487404985
10.421378884426275,19.012677198049403,0,0,8.701721036350916,33.37649660694972
6.8822111592242186,20.03866645361192,2,6,6.908798114281908,41.599661084025826
2.269554405249293,44.024642313645515,1,3,13.57676043419469,5.99417582830949
7.680065196613418,32.44891153130099,2,7,6.838942582856162,30.811232725905093
0.9986335561706667,30.935636454974656,0,3,15.678688742422827,3.4811426713369107
13.68514583014234,14.590754874768699,1,5,12.506396252402112,77.37804830182914
4.252309733200246,44.4055877339774,1,8,18.87221503459348,13.287345786209787
10.106573123132739,38.91257212833935,0,4,11.19602444621512,18.6045484501554
5.019810603296459,12.706734476000063,1,3,16.080705916446348,33.5948037878445
8.040986307078256,38.313403889190745,0,7,15.140619869836708,18.557114741327176
8.427299050477554,31.741528693705842,1,8,6.0801112338781,26.392981774133165
3.180389605120142,13.269013829871131,0,3,7.230619770493275,16.936399035279507
14.558977102586098,28.332025661146258,1,2,10.936259612262349,42.25210444757476
11.739425938736161,29.387851485201878,2,7,20.997996377353005,48.42382737592049
14.122734652680743,16.63098160653103,2,4,8.499254233296234,95.16847143253848
13.474996581200909,47.82792588001129,2,1,18.085203617829208,30.656182520418465
9.169549692760734,43.99901485922648,1,9,22.547231624588886,23.648303248580497
13.867176407835194,36.76089349316433,1,8,19.439648395749636,35.88928829161878
1.7831412797528328,28.491822440024286,2,2,10.130071148679747,8.689679836191077
3.3417515050776054,26.470621663380342,2,1,21.442209427022387,14.733901966201234
1.1557956892028018,36.038938686038165,0,0,7.582821660642631,1.2475030226403347
5.217289796067333,31.817274776276218,0,7,13.958413011802508,15.506874990759517
6.135820700497489,12.490924235275426,0,2,21.088212431349035,31.79979563161949
4.434560960721491,30.500105950813268,2,6,16.901517057366785,19.409998705471175
12.516693882702976,42.25614468931358,2,0,13.03195760037088,32.474146288233655
5.672923237057044,28.36959510387832,2,0,10.97781873453187,22.397061708203406
4.573550390467021,12.078263102170737,0,8,12.37668989041195,28.377258813536912
8.369093205794602,41.451127975361324,1,7,14.652010277157865,21.013058335015423
2.5434012621340583,18.054551285438976,2,2,11.423746807837725,17.073170369800785
12.131856220933575,20.34483339552155,1,5,22.472453655399093,50.069227163822816
1.5809843333566769,16.588254137291834,1,2,21.862320102124468,9.716271310525315
14.8098605807075,23.2086025948599,1,3,20.801414959643452,52.702764754320164
11.697549154801532,40.2700602275454,0,0,13.171107203885107,16.736172455297655
3.3813773822454998,30.775434380157492,1,4,17.75213007869889,11.398534740432218
0.5800706982922348,18.195250966028503,2,0,21.3480982196114,3.827994603300227
12.324190712595096,45.113203126081636,0,0,20.45730129054178,16.75635032318806
10.749431485790447,45.18327419806117,2,9,13.04355923834353,34.003210129487734
11.070603936594315,44.82313700184028,2,6,7.910562838478432,31.034345998222655
11.683420026946214,19.55184845526157,0,5,7.285716185187341,40.583262512684456
1.5736474501443103,28.049573767239522,2,1,15.810088768836945,6.402098542183041
5.697753063891953,49.39958624563501,2,1,16.924674898585838,13.506890930335912
2.180101363114381,40.880499052399614,0,6,20.44732427814941,8.445889541713127
13.014999675196107,11.086696849022392,2,0,10.972755345797527,125.28742802963232
9.53782283899959,12.608183650419683,1,1,8.846998339350723,60.26094460575507
5.298021360363413,28.557255072493312,2,7,12.443099164029391,26.32874512389316
1.4215960791473428,46.368808234462406,1,5,12.010777101748676,6.939300465122426
5.009243664877102,31.54807191810857,2,1,8.25197221830353,18.975049097180797
5.215158169387832,29.91250032137161,0,6,17.428805092723586,15.743415613803332
11.079289585901929,14.218947998265223,0,3,14.647762992399391,48.882913471129235
9.74458333465059,36.271204188971765,2,1,18.259086853951025,30.434671279909562
13.364584767356735,42.88412642400902,0,5,11.995749042885489,22.401662557037184
7.347116414848265,25.216800300302495,2,8,11.53693759682094,37.90787258966181
2.234116566105375,41.0244740370131,0,8,14.033789501745545,10.083380059474365
10.842049414733427,48.57906615603247,1,7,20.9159248717175,23.232358876511192
11.531383204945012,18.150658365107564,2,2,6.684782214477666,70.88957222548262
8.638519364757695,30.933185247789652,1,2,19.682157894040024,24.626915024728383
11.679024109341134,21.485518323383022,1,1,12.27278941518186,42.63028959757111
7.660036147283666,41.71417676135357,2,4,20.52852343840412,22.868032121351924
8.079626026038913,33.1037346352463,1,3,19.63745115020956,21.595643322785644
6.69934476619897,35.383296702012146,2,6,11.928941205733501,25.016731908433396
0.8685773377893802,41.916566384635765,1,3,17.79590110046747,3.978429834300799
2.0644256914029144,25.838818906498197,2,8,8.713756865148483,15.41670880042619
0.9557231924576466,46.60360273628173,2,1,21.236786386784395,3.336263723852343
9.727950963324815,31.3211546898456,0,5,12.87634809568246,22.758900716481584
5.058161725606737,16.31819291341392,2,6,13.745635461038404,38.35070115277358
7.87427502188819,37.835964726752096,2,3,17.997903867628743,24.764608309024762
13.659713871928348,41.73045401753018,1,5,19.954284023982467,30.234159097204977
4.114737322658687,22.670467082701066,2,6,10.017826636579564,25.233920928496453
6.450552384016631,44.28717027995012,0,3,17.24295237790892,11.648577750227897
11.455491508874205,46.24573019063065,1,7,12.663966746115523,24.34662707959347
3.8175733996285257,21.076179495112356,1,8,12.267949708067341,20.39720135212313
1.6162086925174983,49.34085890860888,0,0,17.73043900699113,2.0651923938898813
4.701396067249636,15.628461121950338,1,6,12.582115660650885,27.793824312754467
2.8377086651830643,18.0806267360996,1,8,11.883844502794929,18.681444697598874
13.98061595896731,17.368993569521045,1,9,20.21010293814612,69.9947166610265
12.217745503684046,45.75958840031482,1,4,7.721694105127108,24.567958974030432
9.684354469401141,36.17170209299847,0,1,17.490174588113582,16.61482839882379
13.136178557721907,16.084171328890914,0,9,10.22833169444062,56.78453119135618
12.15324511503716,27.61293673473396,1,5,6.263470111045235,37.85135222831283
3.2052658538475196,34.61192100279208,1,6,8.834992570835764,11.614335550166649
13.442105478104677,13.338563399575332,0,1,16.31324600618975,61.076075504153
8.320462507776934,45.29665473629355,0,1,18.055162255260935,11.845229974271387
12.207882249878907,42.14414141766141,0,9,6.357982320457441,23.3719278617453
13.493323848890652,30.20827094306553,1,9,6.619232536129243,42.27041349238089
5.1110503870920265,48.685064610366815,1,0,21.343215952330205,9.043259149728502
2.095752905651313,26.710439171003987,2,3,7.246198907933238,11.199524425460796
3.805059856858154,49.36441276145991,0,6,21.201096696481713,9.319526928801105
6.693062935080716,36.71679995214508,1,8,9.8788205337654,20.076234113321
12.36121410587615,35.38685093015766,0,2,18.58030260268962,21.652484295885095
12.98059345721698,16.6381958118314,1,6,11.265465232082205,64.83161800493579
0.6008058927022653,45.27711033218576,0,6,20.598784435356123,5.530751754940249
7.905835887374703,27.099587516824606,1,6,17.907732712214084,28.608605759486334
6.552459545657295,16.489336231299173,2,1,12.830828796228818,42.35802592457526
3.7205632518255887,10.50430079903036,2,5,7.2971417209593525,42.60309111685837
2.2380478263384007,32.3902273455353,0,1,18.455903125803722,4.606925778059532
5.395419985352605,31.095984884907054,1,5,16.487040851408086,17.365921269526357
14.172190706731527,38.774144894766344,1,9,6.049499203174409,35.240634856774236
5.186442514300951,45.610322120712084,0,2,6.16013755153157,7.739002663409563
8.022464015278809,13.176263385721182,1,1,19.749480544275798,48.353687227037234
10.69377490398008,39.259859613614495,0,5,10.409795559631515,20.474468187015553
5.772629234499763,17.49647776390329,1,1,16.814272351377117,26.86878281067706
14.590840199453929,44.327082126286555,0,4,13.721645136009208,22.107164732787563
14.455485776660613,42.76254055446624,1,1,20.678310246870044,27.604172867056963
4.1508432894677805,31.631750199421774,0,2,21.588338922742306,9.919340934348801
7.710103335439589,38.40971194493246,1,2,22.945731115540518,17.46943430211912
4.86273549234316,22.574004527349935,2,5,8.612630308723196,27.054130153015617
4.63018716847328,28.846715957312586,1,5,20.67038879008308,16.6739975701591
1.0348607366407254,42.865475908418865,0,9,10.52236340438963,8.568298855100506
9.338682842708504,28.370607886928557,2,2,16.04386987322363,37.63435110033667
7.788845836818491,24.311930613017672,1,2,14.598138175776585,26.40569252612268
1.2464418931248455,29.768497890011997,2,0,6.30579823673059,4.576098783022335
4.540373731430866,43.12997009748874,1,6,21.85711175840361,12.142046894276408
13.669855346516478,23.40832189483491,2,7,7.3315599375367135,68.82186024023453
3.9736474146711003,16.950463725429753,0,1,17.69972162993151,14.490846508639384
2.600975645322735,38.48056081323123,1,3,19.345116215540457,7.928404200984532
7.597065024024664,43.03912850832327,1,9,19.51989343381063,21.36240647040315
14.79193158460371,14.025499140941333,0,6,8.303406821790361,67.77375221465881
4.0098014369167565,19.594964510237787,2,7,13.608689158635526,27.7160962960961
10.24596543738524,15.678879590439756,0,0,20.100290797377657,39.296549542412784
11.543484422266404,23.917656463286665,0,3,11.145546576438829,31.54209748577901
3.9457443878897953,28.014039156216505,2,5,13.95172748136928,19.606601585790806
11.059137054871965,39.953053478532254,0,2,10.637496175897379,18.537703598600597
5.832855424429172,36.04590339526696,1,4,13.88037410405051,15.631814332232366
9.668434543606903,34.837142699137246,1,9,21.09324468407896,29.646685301296404
9.686180806032974,24.094997864386176,1,8,13.73711192755708,38.131966754653945
8.268732919083998,43.6579021233904,0,2,15.450504290263446,13.666470849406325
1.8092016657889203,28.85148669592658,1,4,12.867596816152421,8.264530423679775
12.61188618604395,49.16419752060618,1,7,13.821992114456535,25.811916850144144
5.15131094209017,35.36568553182947,1,5,6.257961383789169,15.30276358386192
3.204518400797886,15.050589662580109,1,3,10.823673669327752,18.785597308957055
1.0912395525440768,37.04710248301736,1,7,13.421889269611015,8.385195196337545
9.067947676229506,23.00416061726796,1,2,16.77454859187639,32.47890374167936
10.324683246713095,37.4530878674439,0,2,13.650882819416166,18.07440288110482
0.7405235194539141,12.78564592649623,1,3,11.742889736466589,6.406318829679382
7.9253493453395745,16.995257487038376,1,8,12.597678500850673,43.551072521893055
3.7841887403701002,44.22949035623145,2,4,10.11898659640793,12.496581611854666
9.855005460937022,19.087182280940596,0,7,21.7164028071589,35.96556053196039
3.0283132205723757,43.4816450097176,0,5,14.869634838445547,8.219458223596149
10.518597202485756,21.171043538176416,0,2,6.227960715826093,31.309871568056455
6.107662521357792,35.71527640234831,0,7,6.330586393132292,15.739615214619702
14.082584836682651,37.76602294039324,1,8,22.540347794184708,35.7735758054945
2.4940536901169024,30.506190125802117,1,7,9.764665153345165,11.877171674019463
5.445462090228748,22.21242706786925,2,3,19.69534090984335,28.72386664686858
2.1453660579885416,18.505775054843845,2,5,6.9906801265297664,17.201593088452576
13.90805746503916,11.327574182497049,0,0,21.659766523807335,72.79854429889215
13.221420624024224,22.157856049628954,2,3,20.86508906233353,66.81707010401888
4.240153601869756,36.126511621251325,2,7,15.70858376138675,18.74034088727072
10.069768667495596,47.532192737939305,0,0,6.152977173815348,13.024559175297748
12.34972190291763,44.84817929052208,0,2,10.38278485839674,18.632062111708592
8.550411768192204,40.642591061412105,2,0,12.915985005773905,23.73188828229531
8.179933386162094,41.53789373013195,1,8,13.82108998470855,22.60978297528396
4.00685821805655,36.59939613903981,2,1,11.060538895560324,12.045943774961966
1.8499901331855386,20.41147430264012,2,8,6.560113760174009,15.383207972723216
13.509628490323237,46.28780122823319,1,3,16.032165900751217,25.328625549272783
13.556061828868291,36.82929247623336,1,1,14.91062935081085,28.83304530618707
9.679971130462386,32.4176252392176,0,3,10.811010802294321,19.352891630520315
5.4159319702061595,14.439578768539242,0,9,6.6455914486833105,29.86265036438555
5.563538831883583,27.882221752257017,2,5,22.90810118277298,25.833533963215405
11.026357343618471,28.41433084807705,1,6,14.1937651760489,35.92395416755702
13.508098769312367,44.582544380906796,0,2,18.852072110159313,20.16366081819995
13.3627531518442,31.865928807511537,2,2,13.689338595872703,47.84882054504555
11.808195414935547,25.216021958816384,1,9,6.733894944670005,43.90373046744073
9.809458869237172,49.07201314042637,2,7,11.263212666453501,26.620984423115875
1.720029492428208,14.428823733052628,0,4,11.441872397100319,10.763566346038703
2.8436163543718997,26.901937132477784,0,3,20.25199936883327,9.409338542904708
13.52903573364265,11.680987006856212,1,6,17.121909625997866,95.3359206793645
9.293221365064054,39.59616483067721,2,6,10.682308361871037,30.8728792675344
0.6333572484411298,46.72306208796603,1,8,22.451579229204462,7.395708284958549
1.9713373715574656,21.201493182019576,0,8,11.466211150763813,12.251813333763755
10.12077565206681,44.33366707196483,0,4,22.969978439088244,16.81002120391889
0.573392965770171,21.68872921847591,2,7,22.934782783894473,9.644757788521284
2.8317167455537304,46.43080646575661,2,9,9.25057880169461,14.207322063570262
8.4566399458155,40.158476143871354,2,0,11.316598975202803,22.184470416104702
10.532480366544052,42.19627107365754,1,8,14.262751374239121,26.795636846042793
9.953438262787708,10.72026222401818,2,7,17.289711409514148,105.50813380926394
3.7519049871781167,48.51241428296104,2,5,14.976806633064587,12.35946750211359
10.82659870953927,39.066839682812926,0,2,22.480504975248365,18.461958734765318
3.940111768703601,22.190043815445332,0,2,18.307815792006757,12.528724663598016
5.218295623309382,43.17578659435388,2,7,9.604762439510566,18.89491634875319
11.32412537421135,21.260847936597198,2,4,7.786658353631852,60.15731374068173
9.919677036184613,44.910153582645115,0,9,17.702821942059064,20.69621352748838
12.81373945216558,14.50321561647748,2,6,8.693691483072971,100.76942845725797
10.035386938354979,38.14743909843183,1,4,19.390506285707822,24.255269608588417
8.740474748364338,31.62793906579641,1,7,11.287623343425729,26.504624999642736
1.858284133507341,13.861378807817633,1,9,11.55718547194531,17.329009377917362
5.831879144361786,19.67575313035356,2,9,6.183572670621704,38.688861872854794
4.345434331385019,10.496161451092592,0,3,17.91719154061569,27.410040777277025
4.037849828996712,28.750718618580233,2,1,7.925585802099659,15.192067642792415
14.608653043910461,22.050610430400013,2,2,19.138969816879808,72.58923415025704
6.1999170076680254,33.934299371910356,0,7,14.361752972592516,16.22964558590197
13.434675050068142,21.88951230834469,0,6,19.332756854227675,40.726568956298735
9.651510076960312,21.996764460279387,0,1,15.926751166361601,27.11227244774388
12.024763901353902,39.727727949264136,1,5,7.4013656243228425,26.55574370019656
7.788237850025285,11.925713439134139,2,8,19.016089723988113,77.17343703006084
8.865106327082207,46.11579980767949,0,3,7.186591243210746,13.735635435163704
7.641506560373527,44.09055497564726,2,8,14.137929249678649,24.80591088085205
3.331023323071645,36.71218732905626,1,1,8.929936640464376,7.646834597276021
10.975555671291827,33.728862804295375,1,1,18.789698025624045,26.151431805187023
4.5711992553924095,45.69209992558609,0,8,21.49705087270415,12.699045266566447
0.8525815132560807,17.41320718114858,0,6,15.420144777090663,8.396255072103871
9.859348290653934,13.158766487633144,2,6,14.961504003086068,86.22712246843622
3.0681048514022096,19.580406796381524,0,0,18.987374337535506,10.517400165738119
14.136649473117258,41.78313114800761,2,5,6.086339820587362,40.877709178140165
14.331964366537516,11.386810669059333,0,6,21.60189692479773,80.38892105612973
13.765533658196503,33.31227340333959,2,5,9.35662989054924,48.40000935142253
5.867301153703944,49.817500647652395,2,5,22.73002102504603,16.507898109966902
0.7241209396685777,44.227843753501574,2,1,18.51631711532786,2.837750399829243
13.960619157522018,30.857827561743576,2,5,19.162269510911408,52.36136077739373
6.7086701506010575,12.545636371465694,1,3,17.155450666351314,44.2243110114631
14.516494876133208,43.25494057542839,2,8,14.018274107347725,42.635709165192495
14.472489667794166,33.95914032708842,0,0,15.717670787139813,25.20636849950229
12.86863710427672,14.597319882382674,1,7,6.788849062257136,73.8372806568349
4.769508935008992,13.754291392934249,1,4,16.607311660344244,31.510040547240653
6.083917064727916,46.3850727774637,2,0,16.643667733779793,13.467112973942395
12.841481736994425,36.76801051752314,1,3,21.15041355583076,29.608159691031382
5.095369074766026,43.17147197267022,2,0,14.59615807631373,13.358132234727954
2.957644826948341,45.15915601129069,0,5,7.311454359463037,8.194156558652598
8.573618305646077,32.87089408193289,2,1,11.205330648195382,28.732553528031747
14.074244225331324,30.69785407020165,1,4,17.145700005943397,38.36509224744525
10.592432051787108,27.21709641283961,0,6,10.067400666774887,28.215875026118248
8.765886966295792,22.677863511644773,2,1,10.768972971541816,41.226493818996445
1.9090591596761437,27.38383843434847,0,5,19.94797327813451,8.26782227514805
9.417604787137961,40.955186229206255,0,5,15.933435439966054,17.8143542734231
14.855780826511818,34.07693724060526,1,4,14.644966340150733,37.73902371145474
2.5312182209295986,45.70093159819385,0,4,11.413683435698674,5.951524819346276
8.015779959274184,27.73520057516751,1,2,18.42577661086157,23.98112765990361
13.221909542955354,34.28358314875016,0,9,10.891213386330499,30.55823084977351
11.241144957435964,35.25230212367955,2,9,18.53007979995098,41.74148950327729
10.606728244431386,33.66788649225302,0,1,7.191725164546514,19.031071911167288
10.686019217813085,38.10535092342065,2,6,20.697202806895422,34.76307362418643
5.71262169268645,19.49733873499225,2,0,14.492629877390858,32.34340985330471
4.757081741835154,30.494551101831625,0,5,13.45463628388249,13.489528945611681
12.235736754438447,14.168992112333907,2,5,16.38739799621272,96.43213171471488
12.24664422284812,25.3804531057925,0,2,16.611265239236598,30.99297680389972
13.072548619411503,29.506682744850576,0,1,8.244598007129925,26.58258034950136
13.741988012068834,36.088970381818896,2,1,18.855971026875626,41.770819140516394
7.914464783483598,48.02124210344814,2,8,10.69078106515107,24.48130690674364
7.771986272964394,34.026042661934234,1,4,21.384351962888537,21.623057290138224
12.07528009501824,39.74375664706239,2,6,19.903461278052152,36.444499926116045
9.924476996277594,30.25064237980811,1,4,11.886522706090725,29.145638601201952
10.678519720236698,35.364161255053254,2,6,19.731567984412145,37.84241279531805
12.038993706823465,12.837288645350938,0,3,12.05863848809837,58.390354201264685
13.40507745635471,20.17566323367388,2,7,7.7161105878126905,77.4026180400895
5.4009297743472695,24.474123728205548,0,9,22.352100058337037,18.91476547270398
5.945952813279188,28.899734200260543,0,9,17.094234258662482,18.170662091803756
1.8627381276926005,11.82594982009535,0,6,13.75369195326406,14.805032629250391
8.885062044444522,15.600963902132708,1,9,12.762146976027674,51.353117799681996
1.0211629700527602,21.07257231165223,2,4,11.519990682390487,8.260502725857455
7.251171262920672,48.86130763604203,0,5,22.6846091222952,13.021526338112023
8.368347203259862,23.25388028412203,0,4,8.290703507225427,24.609165016849726
4.654848155860124,29.2816423244833,1,6,11.35168600164966,16.970168691784146
9.067082278250655,17.843908509535716,2,1,14.25345988480528,55.87562980892067
0.9422536241162167,34.43120284303073,2,4,14.125992265923294,5.407789127422396
1.041548736863609,21.22732862063897,1,9,14.013230234933339,11.607138539743763
12.427708129565044,18.27970313753707,1,2,8.988324869116491,54.51425007164207
5.722764300463312,30.66290513783916,2,8,8.463852960861509,26.053726094652323
2.342377433452329,10.220231966416833,1,5,10.331048967586542,21.306734001479615
8.072527270794662,10.306561305969012,2,9,21.546944614634953,91.81141563113398
11.664906519929858,18.76275236407431,2,2,7.921900453186672,68.59101618147584
3.6294048987042262,11.468854500032846,0,6,18.876226757346522,23.01302931277204
9.531911899375503,14.321030165227654,0,3,18.878322683267314,42.0343878942036
1.737538242409636,23.554425973550064,2,2,19.76609686625346,9.16223146234276
1.2493849569448117,42.103427183192515,2,7,21.072463312819043,9.435740426732526
8.204642157738146,32.88194573477203,2,3,10.471615018161815,29.413186044871175
8.339209263346545,30.506709038256655,2,0,9.817510977571239,30.30717898622752
9.742733571723996,21.739552928324866,2,5,13.913596330967156,52.04597261386672
11.028324338978592,47.270148777312656,2,9,10.506515868784614,32.25128787177966
14.649855152206753,25.880601649487666,1,0,18.483269812712827,44.345600323946556
7.986355050367332,13.48371067183086,2,4,16.810972804604372,67.4700916087071
5.182868857648066,34.68266064471205,1,6,20.874790696895076,16.816572762763773
12.030199824146203,14.553535739064056,1,5,7.406551159280216,68.03222000249974
4.427067643300076,23.808925712067683,2,1,21.55641666708727,20.451843715268694
6.8650856002317235,30.296477548712353,2,3,10.986926653391523,26.69474688943088
1.6376175294628563,44.96890098740703,1,1,14.341803880758729,4.380953521957674
0.867585779524134,29.741863213604745,1,0,13.456394410973942,1.7749593978983444
14.458402012829913,38.09035064126657,2,2,18.925298068775206,42.33136666223565
12.621711747426984,49.712673559962816,2,2,13.145666260341322,29.385398851632093
10.59162598835862,15.259564795919264,1,6,22.04040347603996,59.27778321818505
6.429817694006913,20.98926102078078,1,0,21.34307600485578,24.172108307155604
3.012767641027264,25.783043023905854,1,8,20.82673958348161,15.554779462687684
2.7683371187307477,26.873127141553255,0,5,7.211391655019874,9.648337489975757
4.128522023386632,26.44084301062183,1,3,20.52238704641697,14.233675981989423
8.463786638238748,46.3044401022622,0,2,19.28780257253458,13.130383383402261
10.861640879150904,38.56130577867425,2,2,7.759720099104227,32.4073967891934
10.072861962407103,34.31620856362815,2,1,7.826043532415772,31.833827052982343
4.559041505716171,22.374908714511285,1,1,7.7197847957981995,17.127765161196606
14.345546569616314,42.95161536885179,2,9,6.192654084476288,43.92565257498852
11.199505292088643,48.202420459399555,2,4,15.326783188307921,28.31998250629498
8.53813376141531,42.84793130200906,2,8,22.547702954412735,28.1338632533174
9.369950820398108,10.062604207658916,2,1,13.45763994929649,101.87162670385847
6.5842009052029535,35.45605480733628,0,1,15.192877532085058,11.594161309132451
4.0920993477667835,12.045415257684029,0,5,22.455486545089244,25.54815270237012
5.661603840443293,20.304288813348876,1,9,10.338097889161922,29.560889760193284
11.488768601733351,12.380988013910867,1,1,20.59399429417047,73.44104795428608
0.7087055851314601,34.15181811797551,1,3,15.288637942599514,4.001372513820826
2.1830532873502855,37.46359653970427,2,5,15.681100749271183,10.540691469787614
1.1670383093154149,14.579505522636204,2,4,11.83395557252382,11.064880161741998
1.090567633625067,25.353555321799178,0,0,15.546934136437438,3.621907087832307
12.904178468159605,28.249460358221683,0,5,7.243422661130827,31.972074048343508
10.703038961010343,24.762120870436664,1,0,18.998940734439905,34.446285285568734
7.375520521766215,14.841000019407723,0,2,10.839691946252618,31.433533067878532
1.9185953294395215,26.757911607499018,0,9,21.089341601397233,11.321974395959316
7.628430189194069,40.04712191233672,0,4,12.253461808326794,14.292027560296095
7.365340676318202,12.840306581330218,0,9,8.428009878277004,42.023445332016266
3.01142711369522,13.207200563276139,0,4,17.829986764264245,16.624568661063897
6.790848913950609,24.19085167343937,1,9,8.797828460129548,29.002459066660464
6.278318648761915,47.669028464757005,1,5,18.81256876423084,14.546302883777319
9.429826421757138,36.742905868916566,0,9,22.457908018903982,22.268943325811048
9.708857937580834,37.14679826690259,1,7,19.252398769519452,26.508411903290575
1.1569081416946454,24.4767996335146,2,4,6.381637223332519,8.295803322581504
5.931882912083832,33.74643164834154,0,0,16.19805839689717,9.792625052108624
9.574968777856428,10.405247361109735,2,4,17.821981406485314,102.247223044199
7.795475749411271,35.44384185638169,1,2,20.03279153853685,19.40931847387217
12.919102697230674,46.53147790304947,1,3,6.9520392519630025,23.587591689336175
10.051057658474702,34.50293873379277,2,7,14.161833075188868,37.50853932739652
2.8625491926807305,44.947943738653805,1,6,15.101304834852703,9.828335083285486
1.5232468373062327,38.95892221864375,0,4,8.875122664951027,5.460077432179234
9.815079533991577,14.822336656147609,2,1,11.481646765081043,73.57191666101482
0.8844140028535163,46.09813229143367,0,5,13.483769346354809,4.509019647350915
8.993745928465218,12.657753774230995,2,5,20.164564695282625,80.36744741994897
14.133338500661885,31.35869890191055,1,9,21.799928623193516,42.34281757223143
8.844375579200245,15.685484951738307,2,9,16.68318809160044,69.30446574772661
6.128463929994568,10.468264429236163,2,5,12.714068162364857,67.21617710018863
9.827679167414122,26.88137040510556,0,8,10.318527302582762,28.472791993712946
7.144666912126991,21.80162830616625,1,7,22.69629813541456,30.993660097503817
8.411443445081057,29.44001975190412,0,7,22.711339967298095,22.922190243778957
14.151239727259615,33.08799546938204,1,0,21.72460811999559,33.22252220411307
6.098488248111226,11.749562892357893,0,4,19.356375547922926,34.69003640492509
14.437263175446756,14.920131804949825,2,6,11.53825224367551,109.69182883126382
13.627584308362923,32.34569585801701,0,5,19.889008219459722,29.161583008647455
3.338971454444798,23.72669412690633,1,4,12.949481293609933,13.613916570938212
1.505738862689899,39.16693950197792,1,7,11.555142668635767,8.645426961496996
1.9612810199726864,36.09166594367758,2,2,18.662711093926752,8.169960095643052
0.7642164719474711,43.82417451959627,1,5,7.354116769547189,4.946852421104278
1.8694229309609618,37.69971306676901,0,4,6.825566296026249,6.342189998259254
10.403598214537174,27.197243095605927,2,7,13.615212852080155,46.3097217716258
1.5322354026733203,36.9186648957773,1,3,13.575859613976753,5.117330445802182
5.125146639259539,21.01524697021674,1,7,21.22595060208519,25.27263068753945
12.750692009057092,22.252539951128508,0,9,8.144602636892886,41.92573060661817
0.8374430681694751,41.55940639683173,0,1,8.095826766691017,2.1835129253277055
12.309792997539569,27.856780656063286,2,8,8.50669420807332,52.96385443353338
4.586894234214299,41.9352136207341,1,8,6.505516442008244,14.655231821712023
2.213390000514016,42.89689494673114,0,9,7.219439542853443,10.59928142778689
10.602688897780185,44.30249350645135,2,9,17.217787736093662,32.32255417791867
9.619671278308317,46.66540943364829,1,5,13.336933594997657,19.902083907714207
13.223344196142268,27.23940882053185,1,3,18.98125214049623,40.648350068355974
11.158530135156344,22.754672732845552,2,3,22.874161215888225,54.60591546650134
12.150473490580305,33.28794986376455,2,5,17.203589578683022,42.58156294942247
4.589501302283944,24.846896937505104,0,4,6.857744700542104,13.53576072535881
3.072873384805981,34.042966672009314,1,5,7.777568700823806,11.207878233250609
11.383913898792446,38.223434505752984,1,6,20.977069441850034,27.751890562839744
12.199103719375328,37.536200739685476,1,6,14.967431057490446,30.588688673515687
14.862324559009762,24.982115480804854,2,8,20.022231709727578,70.71171536474336
6.482956315215684,16.67440806795011,0,7,20.56240971582374,29.86807469868471
5.894262243995356,27.2211735384883,1,5,21.770467205491826,20.270775232035298
11.757987930758954,15.70376576327635,2,5,22.14709649326822,85.0294644148108
5.441651333668759,45.60388140735233,1,4,15.432038540556206,12.109688198273945
13.995981221251688,23.835098429514296,0,0,11.797342928352576,35.532135105757064
12.94698490172367,16.17838988893295,1,8,22.351702863915975,68.88056908451546
6.720413396937766,11.017910396230036,0,8,15.30590890202083,42.50065170139907
11.387630482976713,35.83289545145937,0,8,7.092296290228388,25.389317229414672
11.440871674227894,35.47609269818973,1,7,16.927201351017708,30.791179177322103
1.9952960981210228,23.624166663251668,1,9,15.990640756715184,13.488222168018714
13.587017146853716,12.868475553906041,0,2,21.228478839210002,65.31382469830805
7.826159400493928,26.385155795809283,2,0,17.104182215682812,31.51857248915963
12.483633258562254,22.448699802535742,0,7,11.933891215846373,40.011267200801846
5.1407192149438705,37.084825589400374,1,6,22.425837336998946,16.08924867096607
13.485086813194908,34.231169978107616,1,4,19.62753126169457,34.10182662082705
6.143424341645365,24.583749127901598,2,9,16.717099512483024,35.611617423502196
0.6571459464643262,18.715702170199606,0,6,10.979728457853088,6.752071266261476
13.628038658079323,49.52143864622367,0,9,12.350185037343024,24.017371395286634
1.8236568133989366,28.160064847844595,0,3,17.389488709643164,6.396963698760877
5.130047745061016,37.530969431209485,1,8,7.223673913876469,17.460428180084495
14.275898522236671,15.622118703134431,0,9,10.363570058054478,62.77761924443735
14.283803630594564,29.423587986375914,2,1,18.136315867742166,53.50352558510694
8.814849377787649,11.101468794778619,1,8,14.160314667358556,68.85488642036752
9.66163957646209,30.218204716417997,1,8,12.840690601845312,31.063676266520204
7.002460068685637,48.560696284708094,0,4,8.574779580807046,11.748934395686756
4.751556189621936,25.368268519432007,2,0,13.511433586121454,21.047882217131413
5.265635907863781,11.559840502996463,1,6,19.101763502923976,40.62829553165821
10.251517613117057,11.23823163677374,1,9,10.488218383222181,78.47578065956174
11.40943067684636,25.51947039787478,0,9,6.091775217122516,33.64861485914504
11.977896134024803,16.400997458527762,0,3,17.36458331956671,46.70220416860976
11.94946307052103,10.934083853127436,2,8,22.534652275353395,124.03854426886377
1.8224884942060102,40.24854455800707,0,5,16.316051581005908,6.178768348432877
7.669094418187432,28.340920355275628,2,2,8.038671601761212,30.882420526195084
1.3346020202413422,21.569790878906183,1,5,11.452462569859442,7.624899622328465
8.468168793694165,46.00332732065923,2,9,20.749907450243796,27.38588795429518
6.902192269913967,14.645558408021024,2,5,9.953657262366086,55.08695916066323
13.371710649995347,48.23675315821277,2,4,16.330830359459338,32.962278908057854
5.588267682005141,22.558668695094113,1,1,12.845410540317964,19.99121942429116
2.197471738200285,45.53614689234725,0,9,9.533343264134032,10.035804212336867
2.57337938976612,34.117715059178465,1,9,19.827917190599553,12.68870229353478
11.541904159903348,43.0682943896595,0,1,18.628131699916736,16.97173081946123
9.464161918085786,49.360526528418575,2,6,17.247048121307515,25.382729279228
1.9662788037804586,21.53621751274983,2,1,10.01772203456877,10.716737128901732
1.7195486886674627,48.44541941630372,2,5,7.663569046179651,7.755547836149644
10.66405240615724,25.579275796096816,2,4,15.794708607041425,48.04915659614546
1.5550635922808063,25.420476189476894,2,3,15.412523170170367,9.146001697200177
12.416970859710165,23.615484170180228,0,6,9.20254515869284,36.73842106455925
10.740512293769195,31.656304293903407,0,7,6.956193803357932,25.694721286745967
1.6795573193075466,16.165801727139485,2,3,7.372043721297762,13.81847246498684
1.730146854235283,32.14845941432045,1,0,22.877106770716473,4.45747326548434
14.806273888267045,31.66819249640016,1,0,19.320926210629025,35.82650127999946
5.926926538463745,40.4760725041948,2,0,21.673787091407934,16.302752906069276
5.874311132469918,43.34599847750342,0,0,9.315930278018177,9.159510681893508
12.285593725233788,27.617654012496963,1,4,22.329665117498397,37.853914194986
14.235104372065951,22.09332997405975,1,3,8.425123975043755,52.57111517346296
14.797015425431628,20.373395892683778,1,8,14.654391085630008,62.94420008440888
11.423983686254653,17.784953468194878,2,2,20.104826635090088,71.28300268917648
5.955763990198278,12.305903287960994,1,6,11.946657026696851,42.80553083074157
1.710760392130697,23.697919153388533,1,7,13.22208506400731,10.435514441498693
11.768630280947834,20.80990768523133,1,5,8.179146875084664,47.6782914231377
8.596861621169174,48.65669543465629,1,9,8.089671959982537,21.23501170320802
6.651219134081156,32.308353050001756,0,0,16.53265982123721,12.279500603459025
13.642138583873672,23.891081561220304,2,7,17.484050266540965,66.68643739307896
2.1123634934391946,33.21870403974784,2,9,19.214652739397287,14.817804910283222
7.643064012217458,15.56786805382782,0,2,15.46359489558981,30.65721733149079
0.6646278491275766,27.761749968088118,0,7,16.977907968442203,7.054313533973642
7.295579308914831,35.04937285684255,2,3,6.229793618895241,24.794601750065016
1.3163974973866415,29.555913271698056,1,7,8.756902361332196,8.534715218399048
2.222859785887043,26.07115202617297,1,0,22.743551022287377,6.742857220329857
2.2041305782680207,49.75393555598793,2,2,7.291889607369141,6.580521238977003
9.913549380682921,45.21259048595708,1,5,17.539399778424162,20.86885049146986
11.317650749348637,34.936238326377605,0,8,8.993404761539175,25.66900063297743
8.958847093908815,32.77509444729131,1,1,18.18421595804991,22.421008117458285
14.451501952880857,34.826419192983366,1,0,18.00183685035389,31.379156429117906
5.935623403093709,18.05248431289733,1,9,9.981384016397534,32.423753593876434
4.642825251086981,25.805509730572744,2,2,10.583784786726472,21.137650313092998
13.094687358747175,11.578381315635973,0,3,17.1311021312355,69.99423698980502
3.7421396585320634,29.021841499473066,1,4,12.631462659263633,12.986975905838912
14.466726821888864,31.720983358306526,2,2,9.307315484898492,51.30551404665758
0.676239883002337,19.109989444128384,1,9,18.438553179387192,9.643502171389448
14.563242987260766,48.56115388662055,0,1,8.620507913717681,19.78328386509628
1.1258187232833536,46.37818443748968,1,1,20.54594229046409,1.8161740270796733
13.421575148622031,38.88572941823624,0,6,14.749381908881068,24.403258662883456
8.151666081751348,31.335465150614503,1,8,7.796910265948112,27.130532895648464
14.897989543729855,44.7987663859074,0,9,17.799229670026733,26.66123837008572
1.5700501886632834,15.226093752938517,1,1,14.825771672767187,8.359492278379328
8.530887123819152,41.6203917709954,0,6,11.066978720511763,17.59050237396582
14.554886766476935,14.992832558673932,1,6,13.183169463805532,80.27295889774425
8.084918740467158,41.768426501976215,1,6,11.07174164098748,20.353275678790084
9.626280252961307,21.03070273005428,2,2,10.471439207627329,50.72910350769356
10.588355990276948,45.083623240727555,2,6,8.781343154343107,30.34618465501433
7.090845439132712,47.761683753015916,0,0,12.16704126333709,8.65207200626407
9.59959216121892,15.951838776204625,1,9,10.266782507373202,53.679396539321985
8.972557522884953,28.50702420261574,0,0,17.618386279916592,19.750241020021885
13.56679115211934,49.23949512650741,2,4,17.625904599776206,33.51510492826345
1.1589725149511392,29.336297438925865,0,1,14.531284123445854,2.8070657320263233
4.57396624908734,44.54190090058181,0,8,19.22505696699546,12.47214600590351
14.280966519110102,33.54926088525279,2,6,20.30277522310282,51.51064284893362
13.408824866418287,25.013196316784075,1,3,15.856029776382643,43.71935202795436
7.107022915392838,21.431342221034807,0,3,16.521897766978373,21.830037378187942
9.491922668122283,18.128923643443493,2,1,10.809060466368209,57.581556015577526
4.522027153226424,40.47192765510789,1,4,21.212776411993836,13.050377455234713
3.227756815994539,25.461620272921117,2,3,6.411502755183007,16.11802154182051
7.223626871629741,30.451018488030044,0,0,11.926241980528378,14.758177077253256
5.623607306377766,29.693019200047278,1,7,18.270607166347553,19.863822009302645
8.963013621837645,33.09116116932525,1,2,7.361521664409741,22.90746876829821
1.62715223599228,44.62308582498209,2,5,9.113881966280974,7.758343451851458
14.628724711159414,49.22957374333718,2,3,16.01785737366847,35.42585668853108
14.800055794954242,26.303368342952677,2,8,15.519892414880484,67.96745713377413
10.623344853286305,43.10075688425212,1,6,18.561781034226236,25.164913642235803
8.273397311989745,40.58111178618871,1,8,19.81441486449892,21.95435763730225
4.988150436151752,32.94115805822293,0,9,8.185852834698375,16.303313905041072
12.300027785750755,48.24188574447732,1,2,6.312476826179115,21.674910677566135
10.42860200203125,18.018980621136112,0,0,17.723854834201404,34.39715566296648
2.857945620500924,14.370568412384856,2,4,11.123660528028108,24.744018788012653
13.708444175160716,44.15847867821689,2,2,16.641726536605212,35.58173033701781
12.42679002238595,27.56599266534993,1,5,8.55925799705782,38.88733191548
14.272098742732899,43.87875416828242,2,7,13.97368079332137,40.37663599490814
11.02293287163122,45.723608207816596,2,3,14.575220683078427,28.05154143616835
9.394520341068953,12.498303744762858,1,4,15.946322878344674,61.157911819280805
6.564524026213974,45.33859051944243,0,4,14.723890277619594,12.31432960955133
14.024563008633192,27.932762214776886,1,3,14.426743093888136,41.209634128762936
13.05792639775592,30.41729956016929,0,3,11.656480617725544,27.752011772778488
1.1556707165397464,35.06370044372841,1,3,7.210064017407466,5.235350739914197
0.8823211302101541,47.05530426920347,1,3,7.521843345546319,3.8572486391272323
5.958718819731719,10.76464377719056,2,3,13.374230664921612,61.920135754824656
12.253023296336577,29.073738732712684,1,4,12.048483172956882,36.478135678879596
14.815503875066694,37.50888169722243,1,1,14.774291679466462,31.32622804017261
2.681044921001159,38.90827830792914,0,1,11.182248877356539,3.845932466499116
9.11489537260596,37.70129726148432,2,8,17.694471554740513,33.17735963192666
6.0229174211498115,15.377405176324874,0,1,20.68723197416168,23.886293981387876
14.563758768311747,21.97582353486725,0,5,11.08067420937675,43.40356181158452
12.710724385467776,24.34862101668054,2,1,9.280728134963486,56.82203248578137
12.655766218311499,42.1774883071802,2,4,7.9750697623195155,35.636252524608736
7.296050817027069,21.15039489658212,2,3,16.47631868970381,39.51861286486568
6.514882783896145,18.428198554688127,1,6,13.54555184938968,32.869213652967616
4.4644025429952405,48.29792076152385,2,6,9.196267192336911,15.605501749181114
1.3174447014384432,10.354531404538756,2,5,17.103324465961542,17.40163317577442
13.038474455698271,49.91283422727913,2,9,8.524214111089835,34.943284029516676
12.287064632386125,37.07285195429583,0,4,15.423111999415193,22.82486437894892
14.995906262648894,43.13877197796468,0,0,14.9615224876295,21.076737974379913
14.951234137571628,21.784775853847727,1,2,18.481872620163415,55.07444572001495
8.553759731238099,10.572611106682398,0,8,6.936863878991335,54.69273020419698
11.650317520117403,39.5147807424612,1,0,21.093839841472615,22.348579627066265
14.199103083295206,43.36578388002703,0,4,17.95085934449593,21.74114038699738
12.819887164822466,39.61904527814077,2,1,9.674141971928957,35.24416262595088
4.086547475276366,15.714011492033544,0,3,9.117890926365575,18.63566148833782
7.032889961996356,40.13711689027876,1,0,13.338223640444319,13.885281421860052
2.3728115196966773,40.75691128430564,0,2,19.898610602258145,4.99735011168051
14.333739895251474,36.3416206268022,2,9,20.33014988336482,50.16189050482672
9.28953219953776,40.644637311823445,1,6,14.847753566369512,21.98334289309126
3.8153206798002093,43.836857587109286,2,9,20.633784665674536,16.628105209439333
10.239659923884922,34.544164569498335,2,2,6.09254305625874,32.72042836987332
9.46285948663949,13.544188558787162,1,3,6.597968736037142,57.068931269793254
5.693359411476187,29.505112386688435,2,1,21.500967091824627,21.769631315019247
2.146585086894621,13.105973386864203,2,2,19.180642808060572,19.430625586004442
10.237811336095595,26.301721241297233,0,8,13.662002990256557,30.338504138841024
8.044461663105004,26.284259565025106,2,2,18.81137223512578,35.04207135709135
11.69861668016677,12.640393765609662,2,4,22.245870849298168,102.54896433459881
8.042370766123904,23.952821358779172,2,1,19.125521905981845,37.65331101118869
12.856631754618832,14.439923951652593,2,3,20.320312674911474,98.45341406507013
8.50264916223004,42.329408400368884,1,6,18.93031188363105,19.482676840349146
8.633600587263102,47.90752103857883,0,6,8.859588571370207,15.558455413014801
13.211477238546003,12.892659010317544,2,2,20.170759863977523,112.59426021933966
6.350501560079757,48.20460829166806,2,4,9.31684994041157,16.921053342194977
2.4432208125342907,30.903063973469806,1,0,21.1743925767505,6.833171149158058
0.9173488065434151,21.982627118154955,2,9,13.79704826737829,11.245249405941912
11.449490207267475,13.07448301104654,1,9,17.508604789287485,75.26504097349047
9.494488494625237,30.02497072281671,0,9,14.45309441397094,25.84081575032813
10.709156637438742,41.780621779629946,0,0,7.597845800082235,14.524636734519536
3.587980341879206,38.283459090667925,2,4,10.942279229551307,12.825347094204655
2.4773863960081615,12.00904045855895,2,9,22.7234415179491,29.12376302529078
0.710897652184288,12.916073414716141,2,8,22.332150778386897,12.27924190923017
5.583519602695656,26.114931305305483,1,0,11.448277260144303,15.176102678267194
9.05380645939218,21.811619761917733,2,0,22.93704567216884,45.1881015447376
6.187538653946119,19.295372922241913,2,3,20.374370323447295,37.386208540694696
6.8433863693440715,21.240179956348545,0,3,16.38631149034833,22.322166750195194
13.610301070159352,42.139309731875386,2,1,6.682118544437161,34.936388531941155
5.549704271837855,47.16912214527416,0,8,21.32459610215245,13.312911264301103
7.952847592817257,26.204107781102657,2,8,15.476297747493435,39.6483092930282
11.862968684746575,46.244440085299885,0,1,20.76409457044708,16.70539541874596
6.249870343658417,22.85982804991528,2,8,20.18529503839762,36.666634074299175
9.520257153304165,29.057479453751665,0,5,20.161105658418464,23.70947787268998
13.004273776827805,19.04115991263999,1,7,17.868955632153387,58.84257848018933
14.268049043035811,35.61904168703376,0,9,10.954057357492827,30.455443568012324
2.63256547347105,49.15924460699236,0,3,11.714724381656836,6.145545411333773
13.935520564841669,34.13972384173515,0,1,11.243976613905668,25.06128978619632
7.635686249653304,24.312563364541955,2,1,6.3407819920536,34.735817407395835
4.244543630334896,35.91269783962113,2,8,15.90367145665179,19.148171063902677
7.157468465454789,14.916827138615503,2,0,17.88017239758256,50.62378750881888
14.710472341639417,45.546363210615944,1,6,20.51572188992846,29.586554501822157
7.6429623628966095,30.123358031193455,1,2,8.382812367506416,21.617266308363668
5.266898349168869,27.97398968158568,0,2,15.251113532605629,12.872411807060534
9.684312387592524,33.434591538140765,1,1,6.136138391454309,23.623571708412168
3.9821114722837994,34.9913545115761,0,9,7.6165920110824015,14.420086931446809
1.6000182575756268,12.871032249060521,0,5,6.921599651501882,11.047074055001755
2.3687559677044137,37.304688848936095,0,9,18.333126578263276,10.752277252168454
2.3566646648877003,19.67726721262118,1,1,7.378012585919254,10.0711428620498
2.702589055928268,38.55810530026359,2,9,18.17970068649943,15.156613602267285
2.512994003416447,42.90139177536787,1,3,10.243619974979918,6.851882760378448
9.792683799646612,42.15834030210081,0,9,20.921120331847973,20.24645709655848
3.1372612237876,32.100038696315565,0,8,19.823549802184843,12.16494116591002
5.512175608196016,30.806795692430047,1,8,22.283113697079703,20.722961671500872
13.503431943637171,15.715038453576469,0,5,21.023954262786543,56.23459842297329
7.372443783811649,41.01384601612543,0,3,21.866600124977904,13.325587805827631
10.179587208554894,20.856375217868575,1,6,20.598620740726233,42.127270055659146
2.9986381324236326,29.867816912717863,1,0,17.787492310452542,7.627777801017986
3.2881907727257262,21.37096371710067,1,3,8.894405586132411,14.638806741163597
1.0925949358639435,15.353134519987726,0,4,10.61902782051958,7.902964851277025
2.949558414546386,35.182307875669466,0,7,9.616358424214642,10.883720439206417
4.5395599159634,12.173281392916152,2,1,16.260958390189494,40.94866743553915
3.066652022012829,39.945809365048,2,4,14.561538945551224,11.920450799766918
1.7861867394773063,22.703471810444668,1,5,20.7403599516932,9.816336858983687
2.2492201309587116,10.005387720179414,2,4,22.195438730484288,27.57082137605629
7.181292136474523,30.44516556948919,0,8,12.882618123508454,20.927469989535084
3.4918389168839914,11.874076341104125,2,9,14.60795940577381,39.24814428410296
5.781912985197094,21.04678231283598,0,0,22.515778065670364,16.782579140751977
7.799550427395425,38.27905949822865,1,2,10.69606200759344,17.779848840313317
10.510725015125796,12.507584864874634,1,1,19.47064318109983,65.82280385320477
1.0700260276959346,43.5735396942401,0,2,9.829078339699187,3.082185849815037
12.091450784181118,10.152796906343324,2,9,17.584821962229626,135.3677358915515
9.604555647618163,19.87295476807609,1,8,10.31146566985559,43.95249266197806
1.6855059632586427,39.63616224608286,1,8,21.023467610133576,9.13248706343169
13.16689004954827,22.65080598917227,2,9,15.545125043523505,70.15277143789054
13.852649807711291,14.07569552264054,2,1,9.160871894864538,106.10603891112052
1.3856304178955243,24.409356752017114,0,2,9.814275986874263,5.314622405589772
4.514725898134454,20.81573145538102,2,3,14.395436327037704,25.831803766245823
12.18991855699939,43.708476086422195,2,8,22.34723443477294,37.47135218186375
11.349765510563046,22.533916703405726,2,2,19.083916786022126,55.894576031885364
3.175554780667471,41.55729887104029,0,6,14.301263928039367,9.282384930179845
3.535565188382299,45.67488579242939,0,2,11.74122545755769,6.585698363098505
5.871845490475039,27.35269678306118,1,6,15.337564386923525,21.471133616998472
7.525583285269809,46.39772575417568,0,6,18.722134168286537,14.669251095473223
9.464694187189291,25.092722158527714,1,8,19.3267860036976,36.31792774985602
5.8492477737617,48.563136659604325,2,1,11.518349567648059,13.67443774769438
7.206753383930645,13.571580981022917,1,5,18.259707559635913,46.017031754270334
11.33832860293947,37.48077066012971,1,8,17.182409260615167,29.156256089031704
1.0319064419136694,29.75256161827715,2,1,22.304908963936995,5.3474979390016015
4.160335692988301,25.505952218225882,1,1,21.828534938636253,12.628679915808082
10.84356899532601,35.30847514994404,0,4,19.41944853526081,22.302665093913024
13.48049914646439,38.15428366537325,0,9,18.29770971053378,27.465697721809757
7.919322910677159,10.174530786012363,0,9,10.658707024972689,54.891155679752806
8.215645536347077,16.67812354988795,0,9,20.381409353675068,36.836444854571624
2.0539941644267525,38.52184202537275,1,7,13.267596963127225,9.28653721599862
6.9874793189400926,36.655416543128254,1,8,10.62808922260276,22.201396150396743
8.222950363597835,48.64190020514709,2,1,12.530732885208863,18.513047412538143
4.0158223027035795,40.44151161003132,1,4,20.210903330280637,10.831684871440437
4.404026848766025,48.03090830925352,1,6,8.526764664824045,13.254294476365871
5.970620365017028,38.10162006139228,1,5,13.754698599036981,16.42056663077005
0.7910323677770323,21.922088345577727,2,5,14.370079107001324,6.8840435742273165
5.170147900956085,14.214596890034258,0,6,6.62270485917993,26.4866160251029
3.5659961014498975,41.272954533797424,1,2,9.327682502318812,8.158344515105727
5.2487116065797625,35.76596885903663,2,2,20.05462128578956,17.54342656077211
2.2365509113791426,11.92744049573185,2,9,20.12304560611093,27.429189411099905
13.412645570728477,24.402018636039134,2,8,10.971056426032217,66.03546173593107
9.107090576533706,48.271992619371446,0,7,20.873252988164744,16.15569275649561
10.3469836275951,30.01604582840805,1,4,19.120309964161912,29.81382469020969
11.942982959806406,27.309165440788185,2,5,13.10442722452196,51.38703045079761
7.727411884471331,28.30798420637176,0,9,18.72290785488564,23.197513657026217
1.7603441772676436,18.35530896020655,2,0,22.342688730311707,10.905583943998959
8.288044856368943,24.74828683459181,2,9,13.80248520711093,42.99744903896794
9.009196211302747,24.792530239487064,2,0,10.053262042209223,39.31708166917829
11.308872375672784,12.094200807498897,2,3,22.01088050085265,103.33461740023982
6.759063420330351,40.70270514071673,2,1,16.26365290557536,18.22706581144989
2.3499143905356745,26.66017727615516,0,6,7.789507762167229,10.118839867090577
4.6147506340815045,42.887195472656934,1,1,15.73560786956372,8.536994700043321
5.764693297780209,44.01392004479582,1,9,14.509875120621079,17.194191434119997
9.865799999308217,18.47976218794632,1,1,20.545011199284577,42.4570365843733
8.776285417699222,36.29413928680514,1,4,15.021818225979864,21.347510038850565
5.66340252551877,28.89127216651927,0,3,10.33895138385282,14.473231920102153
14.804471107498205,45.2062695168594,0,7,17.485949085703105,25.379414663632534
9.283734880674864,18.629627167058164,0,3,15.223782693104862,32.56590594424962
3.93978848017192,37.11252801240177,2,5,9.961758680536832,15.466289026311312
1.9758458529958542,34.310084890108904,2,4,15.751673585029433,8.844151772457183
2.7164575181728146,21.812059102873313,2,1,19.966104824124663,14.250202754993772
4.066387061575368,15.464036146046904,1,7,6.485705601308178,26.422247547398328
2.829879912263557,36.065590419091066,2,1,16.7244676569669,8.679045721582797
3.2052218487439337,39.54389832529323,1,8,11.942948328334666,12.166859574581755
4.633879946060783,22.625093750534,2,8,10.975414577910211,28.396602467624042
3.013917131773945,35.79330416089255,1,2,12.673991756138891,7.9821987418611045
13.503098657083164,25.80523630446013,2,3,11.81438529221569,58.905047346805354
1.6633893120938121,38.52827533130471,2,7,20.148064814043508,10.116857679894744
8.105415148768692,17.968610995762123,0,8,10.67156278305431,33.545247556426254
6.4507539913500915,45.608600105446975,2,2,18.463601392811952,17.486129679841373
14.744489945174793,21.49638385862319,2,4,7.599016943886008,77.54699837530706
2.124564081436759,24.711439510246116,0,7,22.173738332235065,10.786571139970647
6.268906186163254,12.323678083213991,1,2,16.57938283322538,40.72430208313433
14.557321282492849,14.460488492851056,0,6,18.014215809757523,64.8407889406045
13.049853325462713,30.634476108493125,0,7,11.066668645605667,31.580018052470223
12.347545028764559,20.70370706911886,1,9,13.00564166803795,53.484407756746585
4.239590992151628,43.41920902968778,2,2,9.804232566606597,11.661590732241866
2.9778700171559542,10.587735546198154,1,1,21.853113458637807,23.78702779178832
10.195326688904249,25.163761946877447,2,9,14.297775600723421,51.7194105379884
13.975951842349994,23.493821870763707,2,6,16.717617966185827,68.98457005584777
8.573061948701982,10.77310523670404,1,8,18.48262451902216,67.92979926666274
8.788383997313549,14.974735960020409,0,0,12.308803548692161,35.57452332596691
4.559696858074121,26.54570699674541,1,2,18.241728127165402,14.752851955554446
11.657647531283086,29.714583377897867,2,4,17.491872325857784,46.014906998062116
3.212134354084089,26.171589890194763,1,2,17.99620867585709,10.928696804147494
5.193348927861534,31.237507136483753,1,0,14.316908303478419,13.790480859700374
6.668828359938043,33.80526699622726,2,6,12.509935498957491,25.845991539632337
7.860350490924597,10.396952845113425,0,6,9.775397199552827,51.343833364432165
4.014941120018664,28.563806378140157,1,9,20.01864799761518,18.261243014277635
2.1651339587184513,48.53996963550353,2,7,16.34195079103854,11.109511980980209
9.353990615403672,30.761291205181948,2,4,13.553987333657414,35.77093103045859
4.685143021983709,37.10169069835813,1,9,22.047930414080394,16.394041930984404
8.927954210627878,22.474554316675327,0,4,6.81325981261966,25.881721764689694
2.7382593714759333,40.959655126110505,1,4,20.45292306848581,9.05280458800828
7.476531476894854,40.9168592750446,0,0,22.95890408008153,10.997504558707808
8.222546771997994,30.851841906165557,0,9,21.078015885008746,22.567244765453616
1.2514412839251903,49.04055293116854,0,4,19.777421955465627,5.3902114447336835
5.380762033811848,15.022008590506136,0,5,12.363201887907518,26.069511946851986
2.4490128156151263,10.67790659558324,1,0,9.93234109845899,18.58074813478077
1.4189370718551322,40.80632847028384,2,6,18.492458848493218,7.8855343791533805
14.854423369654207,42.2862214945953,2,0,11.177781226905662,38.561750812986745
5.174130752133483,14.80828916482305,2,1,8.992674596634501,38.728056191543466
12.243179464892206,20.623313318344245,2,1,19.370940080761052,65.6287944895141
4.192289494074576,10.702094534665157,2,4,11.313242088024278,45.77778176029189
10.381789472246975,21.732344431222586,2,9,21.545509401284754,58.87934290103529
11.523303968400455,40.92567495674686,1,6,20.29075496192513,27.39218897648895
9.136761738813743,30.718421108503158,0,0,20.409885601657336,18.27210471489941
7.337854733977297,23.923823726731523,2,9,19.116685342949047,40.8663697751183
6.471693255135394,24.86957179625321,1,0,20.974984204170525,20.053554321368228
5.558589864873432,10.054145028618727,2,0,19.697697167028043,59.62326873889045
13.978172591593475,21.992021102609435,2,5,16.242693180770388,71.7781091780097
12.543981412922072,35.858349665517224,0,1,11.028986215891674,21.509160609449424
14.492890204664432,48.967777752654285,0,0,21.099556284640535,18.153270592318954
2.3023097405403985,43.88243307935598,0,5,20.29026158714426,7.430018368288878
11.097578390452842,10.943798585821165,2,1,14.038948477579266,109.8278257364023
14.105936623905048,45.94242418699358,2,5,6.664337662033239,37.80096308559006
3.127879459402072,41.32793653194504,2,9,16.85524336583253,16.860451221803903
1.4641958768182737,41.215044942839214,0,7,6.860146512501889,7.280183491778491
11.246249414705856,28.31983036014286,1,1,21.746759351422924,31.67208413237773
8.829860141108723,25.920211718180113,2,8,22.34773136263022,42.87998569625337
12.706517262994945,22.116629153327704,2,7,9.221332480293272,67.60106618219916
2.526699461081198,12.627794358174631,2,9,17.49861942693347,28.946707962723142
12.031376021968407,19.129414539747962,1,0,7.568573077566967,48.7091511530693
3.423596140692296,19.864145399120986,2,6,18.401787785743075,23.275398175666766
2.873011171552715,29.363082788408065,1,9,11.90389032459547,14.875479364230381
2.8818540699993975,39.897776263867755,2,5,17.57785189941757,12.036743007980753
12.311333443355041,28.952393135917866,1,5,12.338900656437023,37.90093673887458
10.145359700094902,12.313777977886424,2,5,8.474647667165009,92.9742940673694
8.08444865915223,48.31159203952816,0,5,12.903869668543484,13.759465847515107
5.703042019790786,47.70897276376449,0,9,7.91544995279143,14.720458167900633
13.21940784179007,41.40758172593634,0,6,15.80701567460808,24.155140597372476
6.190454057628213,49.65311606256882,0,2,6.696176046541156,8.984027973146885
12.340691872337867,31.779293312010516,2,5,14.964434553197615,46.18160087548637
6.867456174268167,48.510734010128246,0,2,21.068267000624196,9.902367904339222
5.96569422666116,13.024201624670031,1,6,20.243845592029167,40.26246048612888
7.208856892209293,24.627229930454853,0,6,21.007288893650447,21.413478436144473
4.8699791753800605,19.015250720270632,0,7,21.674829636160823,20.802585794074705
11.34033601255564,17.833323365370802,0,1,7.7769740938868015,38.073161373604414
7.7894456563409475,15.632117955707043,2,8,8.188702448887122,59.89643055798126
3.867084079628851,34.896545662639866,0,4,15.469115707323187,10.138680553405187
13.543831312481244,41.2528742298922,1,8,21.197535363215295,31.255784569935468
6.066422709911565,33.131935976814425,0,9,22.563940760908523,18.091014566108885
8.381516486152835,15.878508383528388,0,4,6.786452594779999,34.90391003368152
13.64384560898593,42.444950797338834,0,6,12.048159431411221,23.967584403431076
9.551450940752886,35.438188286549135,1,8,9.619202329219888,27.182223693414738
2.195021590271279,25.52662824507982,0,3,18.851419431831218,7.722063444935982
14.127565792395389,36.96521182144252,1,1,16.883295765129546,30.842514020985703
9.601766769535558,20.396199169713313,1,8,8.038096535225371,43.12024210994833
5.356131412527748,23.80768833976842,0,1,14.219875145204515,14.085611295749542
2.519445053619115,46.69943372527961,1,2,17.652488880311953,6.240485678151853
12.013365244419292,21.620180226856817,2,9,19.24309169670864,66.55538995353157
9.491054960963446,28.799530726317464,0,1,6.340896066328145,20.917042639381854
8.235185833656661,45.605645495840584,0,2,21.137982757726128,12.64427667576685
13.461442454238886,38.3088540107011,1,5,15.677783510158916,31.50812530931342
11.934659562755696,12.48812904658811,1,2,19.802454954318378,76.13811970620635
2.699285756124892,15.892121771158813,0,9,19.734946510242818,16.44604910126964
5.019969983035449,10.313663630876672,2,7,9.227495224606475,58.86052124901247
4.103092527309753,35.236871609166535,1,5,7.872926044311763,13.501901669358398
11.287221242303817,27.906937016416734,1,6,18.261883572555053,35.867133195098944
0.9862203036688011,15.370994036091021,2,0,8.659257619967525,7.308806581012253
8.76340043063409,48.31736484227082,2,2,20.448937353880304,21.282558598596786
11.555650943240012,31.186388957824796,0,2,18.345221225655788,23.54060343096583
13.213101733045367,19.675731764515568,2,1,20.311031194209463,73.92255072081271
5.460185356380658,30.0241428461883,0,6,11.083215553358883,15.496169855787175
12.408230917744186,37.18481330940431,2,8,11.382167026979673,43.1166720717683
2.104160185850505,13.049568718942579,1,3,17.410766457887398,15.244145448411437
12.773558230150513,20.98815260191568,0,4,6.534581236002108,40.19476122541652
2.348585603813745,42.278619635359746,0,2,18.350444687736186,5.222554441512997
6.260665713125325,28.38659481610645,0,8,20.20831220452822,19.899370099832836
12.060782803803528,31.863085681291796,2,3,13.057780972269768,43.387665435679146
2.6738026965572197,27.31264008837877,1,4,19.002940111503968,10.47249132758905
3.8241452308733015,11.755997705720205,0,0,8.968385588698453,19.548850359573624
10.972662241699462,16.629991192806237,0,1,11.47842669493124,40.84689555234654
10.940529779918078,27.821665549675636,0,8,22.563184372878116,30.353896188375398
9.79664067683681,18.367418616317114,0,1,22.767578950522147,33.05286138983728
10.56225244477295,11.999161146387149,1,4,14.714285901366996,70.81156383611899
8.369504428540145,43.74598656207295,2,7,21.882586454885907,26.15600294409067
4.151086354150815,49.24770116656463,1,2,14.886421526966528,8.015471624277163
5.512591905806832,41.72571495986958,0,5,10.956998178739674,11.375269884248928
3.1331668936206722,44.15139686818668,1,3,10.537287897679121,8.387083470843057
13.672533139337611,19.679085212681816,0,6,21.801596991258528,45.47383562461504
8.959181024108746,48.42507902052799,2,9,8.931588612555604,27.599525342782467
6.312345543072778,17.877028178137135,2,2,15.853751789430909,40.399219118541296
7.199084152839924,48.05719241447329,2,5,15.443926157066233,20.073741458891064
14.235608424371323,49.79277175863804,0,9,18.573568639100912,24.31665577804063
2.723595345183163,38.46891222984195,1,8,14.48712942792117,12.40617223594331
9.00033256424356,49.24574927167288,2,9,10.628856232038281,26.556646172307953
7.835385843824756,32.781591182684146,0,0,8.879740493736836,14.671459970066334
9.366086413802394,20.381671327043613,0,2,16.55391965960016,28.713178344119033
0.7625976654021873,27.479835426624835,1,1,18.222842866504962,2.355870536837257
13.145796679690196,33.74243741515144,2,7,15.681861737594554,47.82397297983908
14.01571509601238,12.923262481080599,0,6,18.55197171106031,69.85868510831267
8.69443116204353,34.89373058468985,1,1,8.405860441649322,19.374669128076306
10.601436946214937,49.24711347049178,2,5,21.001993314033303,27.95683922537016
13.876241027070787,17.604305991349104,1,2,15.900723642944552,62.87457667571988
10.75496019754428,41.703804651535336,1,7,8.156346757174152,25.97069639820941
2.7118161222567894,46.31595175118478,0,9,13.852728471497496,11.515613839039212
8.85618122241879,47.74806371280883,0,2,20.361459543720493,12.852439289345998
9.29736817255141,48.40542417621789,0,9,21.25855728870372,19.361017523250087
6.649894733884597,30.858385548858877,1,8,10.499041584978945,22.77725217954181
11.178441416558481,49.09231631966015,0,0,18.091519020077705,14.37264055004174
14.048321714150715,40.292408285377554,1,4,7.699749207224204,29.98249091814913
13.920743437148257,16.466857449478475,1,2,6.570279814006683,67.25402892958644
7.037170885359916,29.0760042587188,0,5,15.526782214939027,17.794272442331312
2.141951664690951,38.73324701488016,2,9,17.81206884857814,13.306620934489805
14.780197384953851,19.893612632763332,2,1,19.528374430000532,81.35535517569087
12.664022253466044,35.624607341955496,2,8,11.783676053740688,45.17581060565279
2.307608877447369,36.66401916186477,1,5,6.110931977291079,8.193474772448852
13.8522072979519,16.507989752342635,1,6,14.151827030893015,70.43895650004701
13.11349724990086,32.60341249811025,1,4,6.269510271350638,34.77855948652647
8.023151828328047,40.8650764391443,0,8,7.563736681403599,18.487349374899342
9.073493818301474,29.955826581437677,1,0,11.553713383039721,23.239507385065078
6.285539206116889,10.484124671044297,0,4,13.431924842523012,37.919102019630486
1.2940437629194543,10.361538763171687,0,9,10.750980500904026,15.046588417807296
5.360360003865563,24.281173758800488,2,5,15.891709530580034,27.769379058793167
12.141375004671167,47.04776273727128,2,6,6.940946416707618,32.8111270410273
0.5671643335667415,19.14707118414435,2,3,8.45785507407294,5.551814896954801
5.335737989521591,35.37454755486749,0,0,17.81939281284237,9.167381838958987
6.273446057068678,18.88303482773282,0,7,8.4163945111646,25.902154371566876
8.29223624259988,22.866799586381944,0,9,16.87617842669718,28.02941695128232
13.837906437985026,43.92168358405936,1,3,6.929638552807214,27.545085019729296
5.522016918306438,39.15445769079788,0,2,12.925498745025386,9.97082644245648
5.530821427495302,13.815971092528425,2,6,9.0159609920601,48.848189998597526
11.193768097591352,27.148080839457343,2,1,7.863816803098169,45.10111635782224
7.0571601429022035,11.166790545810578,0,7,15.639557319520868,43.17784986186013
3.7567699326297386,29.23560586412036,0,5,21.78170812409557,11.63581917081488
7.060372983924054,36.49736046804272,2,6,6.93137981470033,25.942471017063646
2.542426795507098,14.740104943926063,0,4,13.166422219706583,13.411841476127234
3.057611304340238,21.55539755636663,2,8,18.028102441672544,22.005947222714237
7.726332704722457,25.913465020086278,1,4,13.865693138693059,26.262838709741832
6.574419017815945,46.78124098624199,2,4,19.710431083789167,18.39526608460087
13.76526556548745,49.73020061691856,1,2,9.053970369690239,24.3085918319622
5.75471153719118,11.796451959824633,0,0,22.313101485471588,29.44867949370131
8.91853107903163,40.44031693981568,0,1,12.547764672133189,14.2508863664412
9.66783217483319,24.86896265609373,1,7,11.806683760052678,35.186286963471495
0.6898696205308377,25.698327449179203,0,0,20.86829850655382,2.287839139171564
10.121291894242304,40.17059893388091,1,6,15.58573954216003,24.985933490693764
3.0815215196113956,46.73705728581635,0,4,14.779553812347967,6.798764587888201
14.4355196033071,48.037143780101935,2,2,18.358624631983325,34.57816761364686
2.6556095524201377,33.08490344153283,0,6,15.857182050778537,9.780890886296486
6.512049794041844,24.284846372020112,2,8,8.762765960870961,35.3837114247064
1.737570187140336,41.50196343435117,2,1,17.461359588703804,5.967133298739219
14.954676651766237,20.04005533049201,1,7,8.268970947796184,63.550515296018375
7.781827649803017,32.56296115334071,0,8,19.699580990679053,20.377495690160085
9.133082751140634,24.343138460994926,1,2,22.825522161108605,30.96789876365615
1.4726089221321985,36.26524294831505,0,1,12.415589624571197,3.5005115783523504
11.374426820788077,19.615956515740276,2,6,13.560850269434214,67.90758799137372
3.5436310998859937,17.66371782939303,2,4,6.789372143207809,24.791092390554194
13.52178719689035,46.729563467017485,0,4,6.233464197403831,20.136869434045984
3.474524786989104,14.072147317981475,0,9,21.66412869289757,23.27875975300328
3.264971949623165,30.238316309397266,1,4,8.186609027466265,11.078726269497517
1.0299701837973758,18.834111318520357,0,3,13.578238708510995,5.7087444588593295
7.344970704094989,11.557198533026698,0,4,19.861028605544547,41.72177902332468
8.690196432307939,11.440752731657057,0,3,21.11841891878143,48.55051587285162
1.4527752717111093,17.008870884233094,1,5,14.82976064981895,10.37861824023477
11.745150442077653,44.67081418024001,0,3,15.605552924591146,17.238144070649053
7.0726881038464,21.299149759081068,2,1,17.38462753187563,36.36781611570395
8.103658905249912,48.01836682301183,1,8,22.34350199244316,19.994070101127484
6.891059830604308,33.26489171956774,1,1,16.245389336056586,17.277005159736945
6.311064382692226,27.464567590750644,2,8,15.511079410757887,31.5523080222563
8.61478480396916,33.20355338677818,2,9,6.2470802995218415,35.57683172312437
2.7509835659953312,30.66793540905071,2,5,7.376144934380053,14.357887782006221
3.137957892181431,40.351050150293005,0,8,15.811917652607937,10.678042730099081
12.995891504696,21.29984263891409,2,8,21.916086592722454,71.696198975808
14.218674200937675,24.122015664012096,0,2,20.733752922789716,37.152120898231416
5.912985086056418,45.76377210133003,1,0,22.703841690867478,9.553858743905542
4.4257977605815295,47.85826052601622,1,0,14.973178638541658,6.58276364862128
9.837993376965729,45.70232909945898,2,2,19.394825953442037,25.460319933426934
6.426645480922398,26.777919758292544,0,4,20.286805635318785,17.72505608771468
0.8681021570750005,41.21462012027527,2,2,17.01653817462465,3.889046941249152
2.7642126618097604,29.05342933204395,2,8,11.758748371646623,16.700014960260308
10.881597318287264,29.90159408584409,0,8,13.989633389182504,28.181747636369362
10.054397157697196,18.187204362291357,2,2,20.58459022814065,61.91405230663044
0.8928918913005106,33.64521213034066,1,2,11.075314741696786,2.912691405754635
3.718596348027767,17.445435910133916,2,4,21.703633231533026,25.442817706340456
3.850584550527035,23.26258796268775,0,1,9.906707804185306,10.263424476388035
10.242444782181561,44.201208064797406,0,5,18.74177905766527,18.047972016933976
0.7858027974382802,18.28303236843421,1,6,16.71950698387755,9.055103620046957
2.009574438776321,12.846331406937313,0,8,18.743190499052957,16.220448563713845
12.098783237911245,12.760303704512651,0,5,13.434908731354112,61.18569758626734
3.0888975997878374,47.63138082012431,1,2,21.85489806341774,6.61837071607603
9.964818563852184,30.276817518473386,2,4,16.752027440995114,38.079095919831076
3.9536503251775343,26.376482872680732,1,3,10.901028677422357,14.349149438252425
1.9419001950105048,42.435143240316734,2,4,16.85373620108644,9.155236699672027
4.025996769492084,43.43303711642064,1,7,10.87586770251953,12.710129799620628
10.972870511907058,23.287641324624182,2,7,10.991750659917862,56.208029329722244
12.907598787541144,37.744722298951814,1,5,12.793174697554754,30.556113009097707
12.538188036221378,40.84491263407546,2,0,20.491317098675022,33.45270221483955
6.259161179467595,36.18602747463818,1,7,14.505063864697863,19.14766306190151
10.18723448027437,16.063802992003975,2,7,17.541314317913525,74.54572027068365
3.472272283529404,45.03532334068228,1,1,12.663451584665872,6.7971591766585755
4.7506420887846925,31.563782109440346,0,3,10.481292476716984,11.310050927039486
13.496869368556236,21.298897054800147,2,1,22.228882732175933,69.35287743038316
0.6885278909056725,27.009127417507756,1,3,16.260881201092065,4.11858229888524
1.739873697389787,11.502843615956294,2,9,21.87717275590621,24.406026559410147
3.5143506996173963,15.114672048896702,2,6,9.458021037371356,30.3229108778425
0.8847169561703858,40.62187002063443,1,8,8.497200786519857,7.548938146319911
3.130813808802061,10.000465390214647,2,7,20.548989421106363,39.038336008406915
8.954102634060536,26.662633139291685,1,8,17.575592614493274,32.877380848059815
6.61065598359122,30.900407243423537,0,7,9.171834487311903,18.52771481235313
13.443739810616135,12.185376800038892,2,1,10.579114911280142,120.1042310455527
12.352931645207393,48.92312651889331,0,6,19.61128700593029,19.853742735588952
5.456351599619202,19.045013249986877,2,1,13.715766539930915,31.969333054421195
4.261639784753741,22.167948785451234,2,1,17.399188610603545,21.47797422580138
6.00553991842537,22.157700490201094,2,3,11.411984376312185,31.953604132889193
9.059276666464712,19.216666484693995,1,0,12.480909197172904,37.157906310368
4.386922791931706,10.058952883452456,0,4,22.842113496592784,30.170643299591667
9.550159163812443,39.17379176351986,2,5,10.209490481970215,30.071916534790184
6.436468956772986,48.67381999197141,1,8,14.609758409620738,16.70890909258904
8.504684122353714,18.971739331401803,2,9,20.354839834239048,55.00493609905164
6.823834672462092,36.5218876721369,1,7,10.066794632319585,21.08683262749543
4.769753513357807,39.6758530783486,2,1,13.058633863633622,12.795804942839043
14.252572950951272,43.93701516362099,0,0,16.4565518852898,20.304622484162195
11.572284015316532,26.905167880544365,0,1,14.180198575076743,26.65356283257475
2.531641048613562,22.11723622561717,2,6,13.811538531695398,17.37139296722824
13.092785650519735,23.011805360921244,1,3,12.162665432476102,46.696007735314794
7.567752374617948,38.50485332394051,2,9,15.972987572173727,28.441894176744253
13.471007289964325,42.67117866022544,1,4,16.614335864701374,28.118123508967823
12.09790121123607,17.264558710264104,2,6,17.105922195323163,79.6611855308415
6.665595814803885,24.83764032631061,1,2,7.196257834402498,22.20654024973492
0.8258049706417023,46.077607869966,0,9,16.72758098710483,7.852794069689785
4.395821711081718,42.26774078778957,2,1,22.205032039280958,12.255642778181283
8.35369611258257,49.39433611049903,0,6,15.196766003977423,14.949536140523941
9.685434187479135,40.16993038728323,0,4,18.159540402657154,17.97574093277481
4.239371438781433,25.72780804111689,2,0,15.464449231906702,17.878389192428173
2.5206630740559497,33.625513359785515,2,0,20.53059051606364,8.625278234875337
12.606488433589837,36.44057016989281,1,8,21.80291260815867,33.01369140700314
14.773831620201506,13.138232652684959,1,4,9.131738288038107,90.93941891058127
8.122507643388944,31.779878364154605,0,0,13.426620621471152,15.889871257412896
2.989349644800401,38.37283313890438,1,6,12.670495715856262,11.331078373650811
4.44845623453085,16.692852160042413,1,8,12.888657096087737,26.44629521486397
0.7666648099382676,41.22526869702229,2,0,8.13391108087389,1.497916644388821
13.757332695127236,33.35091122056447,1,9,19.83146734167223,39.3342958806896
2.2073907019070464,48.08887142790378,0,3,6.608026131253899,5.036720785255158
8.859488894956677,11.696891928275669,1,2,14.979852331361668,60.646240091395796
4.473800699964487,20.61304550221868,0,4,17.25193259675975,16.620335942685035
8.535581036479005,34.06215517199296,2,6,9.526980447000913,32.00823892881604
9.945595631102032,21.862396488237227,0,7,21.399453265679526,33.068919812968005
12.531256153754423,38.57696656284969,1,1,20.255336519421483,26.472653576471096
3.4931084405287467,40.36021130087724,2,6,14.00842340122673,14.684305549095258
0.6594395155479669,14.100638562658979,1,0,12.989531849782358,2.1197919948067376
2.4848416359977055,30.554178568270707,2,6,10.0216547285887,13.389868300074733
13.550270306797524,30.355622223642236,2,7,18.409884818964382,53.368010293392686
13.171406124656471,24.77123080862164,1,1,8.23964459374339,42.51196694103047
9.16248998146947,47.31699450278688,1,8,17.56404181534431,21.272912804090126
9.207494476287973,43.10025279492885,2,0,20.32176876401303,23.10993941524009
10.143031780920705,37.888375276385474,2,5,9.884016790589403,33.338565788705345
3.042883540040019,38.573065429399904,1,0,20.729265849278853,5.851632624363192
13.758973215911917,28.468645752524765,0,2,6.566494390471644,30.77956953786597
6.57217261093506,46.83978084386303,1,5,21.517385551570932,15.721232062037565
6.055508659617713,37.783817090131414,2,2,8.012157873472066,19.324671301835917
8.024306726601145,39.159242466232655,1,7,16.977906024946556,20.790462511729757
1.181006518238298,44.46763615149381,0,4,10.25140197153701,4.647653925084193
2.9111088469631516,20.962863573687642,1,1,20.221390649883432,11.809753219005298
11.20148743818237,42.28283615466812,2,3,14.70910613556293,31.28754371789306
1.7005806849143337,17.80962411825968,1,8,8.299100251190524,13.721781290733395
9.245705587262629,23.813678089795513,2,3,15.706856712541633,44.01130995137034
4.057562090379154,23.424418170793707,2,9,12.934004373348714,25.941569426450545
6.14478640360866,49.14101873556562,1,9,17.24461288242272,16.409984659010867
4.686059183175148,44.26148894991707,2,7,20.99235584097881,17.584059786495214
5.657254388741762,38.04679446361039,2,4,12.959615230118114,20.19307769723976
10.92616562517156,39.082270464615604,0,9,10.927971552075615,24.171447611358147
4.808264876536038,32.48291177610284,0,0,6.24675660696935,8.7652472180096
8.712867284305009,47.88362668434076,0,6,15.772263643617872,16.188003602283995
7.402730831886945,29.85035011529446,0,2,12.838671046334369,16.865651054638846
10.123231897758398,25.220708394795782,2,9,12.369036723252089,50.411886101446164
14.08403122020899,16.52141347726364,1,7,9.109900461831613,72.06884148210641
11.122295409548629,41.44822609044232,2,2,13.310940868251663,30.27615716746669
3.616635489565973,39.377757283023655,2,0,22.73551321091726,10.001562292507145
0.9521554583886278,25.374201540965394,2,4,11.061820612428154,7.40210581660287
4.302828642347464,11.007736558369174,1,1,16.1949750279377,30.899456412026687
9.128629995153695,43.55989310872043,0,3,19.200276982366333,14.43656320084878
1.24567429552163,10.456719338162944,2,0,18.73568299400104,12.202674116898853
7.697310584417927,38.14799118516204,2,8,11.589162887374043,28.399966377322382
9.154221309294893,48.81028438904228,0,5,16.384621419786455,15.24707736668297
5.3465364168459315,27.50645312592814,2,7,20.811499649592673,26.55059352816557
11.678226954314418,19.39893619983811,1,3,6.262606271462325,49.58853381297931
2.0456746704396913,38.19484040173527,2,8,13.407484066336231,11.733883132641814
1.589497835169227,42.68512568062341,2,1,9.81264811011239,4.286550117162412
11.05873696495225,31.857212643113893,0,8,12.606748936780262,27.348609796842652
7.684624084989878,48.681411010245846,2,4,13.071823335579108,19.384044779331376
10.481834748202173,12.066748866318445,2,5,18.693406401372826,97.68518518801491
6.80499640975432,30.191823932181126,1,2,7.594971830722534,20.413801330661137
4.072829481967049,38.738157892902,0,3,14.713926353252678,8.033975702746972
12.376983606275896,44.505618845967156,0,5,15.59131146057867,20.471089730874677
12.0915302450502,17.170224476311603,1,6,14.400679260380674,58.66732639405479
10.573098827389188,42.00013927054726,2,0,18.44184530206624,27.07101423011151
4.446104489834459,32.10828302874181,0,6,12.524451350416406,14.091600028427152
9.058344669601762,25.862147279598528,0,0,22.064440081881294,21.2487547145188
5.734121505630388,15.268601143163743,2,4,14.190658523162003,43.452498648365776
1.8279400632361953,44.6118303563565,2,5,15.710636463451559,9.515933457248057
13.80104684420252,16.290928327188613,0,1,20.03402399689474,50.75851209735367
2.4838701483249404,22.39151436836397,2,9,10.679013800829082,19.407312507515986
14.278441630401636,21.601821278497475,0,8,7.278434488967642,46.09145027092229
6.9670837078903585,44.85656136763417,2,9,18.0323276321622,23.850957603535605
3.184427468159985,36.90811976835592,2,5,14.211201544322437,13.721770797360326
8.357563736986194,41.86725588765489,1,6,21.240572266302912,19.779411499948463
13.157714620207921,20.01871595169996,2,9,22.705560828281378,78.34154245818644
11.117260852938637,34.994963984279956,1,7,12.784858959770396,30.472004442681122
12.19513664399102,32.86983932574995,2,9,13.062463276414235,46.83389420607355
10.052358817305402,43.31321507153084,0,0,12.93536423749735,14.900113440068614
10.538010185508861,46.24348241925042,0,7,11.517419865425744,19.181940289240835
12.81333694769713,10.486270859095473,2,3,19.288680662028757,134.29754930589507
4.1201861284581955,36.960796762351706,2,9,18.902927962342368,18.725406798066924
7.596661972825537,12.073431964789162,0,7,14.136962799358923,43.27062089587456
3.7075369063842323,31.954346603094237,2,5,6.759240678441278,17.698191682531355
14.821186115951381,21.505309161747128,1,8,11.262508125722249,60.03025404707757
14.188860425455893,22.27106398088565,1,3,10.969151791432239,52.35303036353865
1.0716887648433355,24.11834013809426,1,1,19.788483185404395,4.741172562970075
10.730840001477482,34.85169796198441,1,1,7.48878474807497,24.725503765872627
13.916100602527154,23.36199862675077,1,4,19.696481443725972,49.457661436549685
3.1183425043463364,39.30796202361122,2,9,17.376122087385433,16.00388699917118
8.735205843013127,26.181095422954787,2,8,18.45150480521764,42.31308964224491
13.774580315026606,12.734128012398344,1,2,13.3476241889454,85.80713100335369
0.9922166894940831,41.35039369936429,2,7,17.55533853202989,8.661441493558222
10.61259387507918,21.43033298370824,2,3,16.35349206001757,55.84836496216216
4.8115606069019865,27.310675183970506,1,5,19.0726633188867,18.34856239438217
13.90374483295969,37.41775532887606,2,9,13.595087185960287,47.2848362926174
14.580344554897833,23.29824628594848,2,5,14.03803562323714,70.92920228965018
14.191864092144792,12.263426245868626,2,2,16.940795786576942,124.87022622568105
7.376106141533224,24.956841880512542,1,4,7.837317392328601,25.33417433238715
12.999618439345046,47.777943307772134,2,2,13.416155622193394,30.152101966939895
12.745966278758521,35.66937589194232,0,0,22.523164369416694,21.57345280945674
5.126956862027207,36.85916594668828,0,6,6.6383894410207755,12.66008440007447
12.519274375184821,35.291286145505595,1,3,11.372080288728695,29.082750516407256
1.036610703374643,17.959685558377473,0,6,11.339866924519303,8.197672498370013
9.145913237989769,26.733354564091204,1,2,16.768890027008133,27.744148286351223
3.8351281406716944,40.03759193453273,0,4,7.798606110210378,9.178840485372769
2.248219843770543,14.054915902126366,0,4,16.68524852494064,13.01671509648063
1.6158214236235326,21.11411104358849,0,1,7.61568409107753,5.663725225990522
10.596187250233026,21.052764338634145,1,9,7.614212006111627,45.17948593022777
5.428186974636959,27.28075710378024,1,1,18.3791170722042,16.34274978814498
11.009118187167042,49.214749637687405,2,3,11.510297955157537,26.498413150179918
1.4476669415846644,12.700101867352878,1,3,22.61619011113371,10.680289334883838
5.07170989854385,30.748039775223802,0,3,6.634999919404434,11.227934816180536
8.32262373944239,17.174587280488417,0,5,13.5668132832059,33.021024313097506
11.965485890164972,48.827061816389765,1,1,7.923310940458402,20.44662000774226
5.121911292515014,14.532140189098568,1,5,11.973442434887847,30.200535100421547
9.575424958336631,26.144040094463648,1,6,22.96978166035386,32.95174757040613
13.346677349424713,39.51539939338424,2,9,21.11032269955504,43.74372743709594
9.430016228643415,38.18217712109781,0,2,6.821514950541747,16.98091762260419
3.8779123839276894,26.909145475757292,2,7,15.575349345036617,21.007836439062118
0.8538113325698014,23.860966718108727,2,1,17.012979182015407,5.630039948374717
13.116433671563483,25.904495142114822,0,7,9.562088607152138,35.08263462928707
0.8084064573306136,20.571050526345573,0,4,8.466794747739655,4.549426537892014
13.18317425392089,18.21331754827199,1,1,21.374479289313896,57.7668635460323
8.169588443394574,29.3215879023556,1,6,22.469879505217403,25.35756814980326
14.116481628436995,20.741350242704293,2,1,22.862178574433912,74.53514259646226
12.082356918718148,21.498466595890005,1,5,19.425950153488785,47.689527230951285
14.970044602733394,36.27024253898228,1,9,17.279535179889372,38.94292872694908
5.585321324049797,48.741493267995686,0,2,11.877414287280963,8.262107769717716
11.62423018950134,34.145488022375005,0,8,8.913771309520792,26.181407618936916
6.327998247334011,13.079178682598652,1,2,7.342670189225939,39.17897198470152
7.458196494406678,13.02334455416268,0,2,17.786056965375366,35.9694522401264
9.598829216666367,48.05692883382264,1,4,19.340298058049093,18.571508789165467
13.168318155701911,21.891631612293345,0,6,20.049712091734662,40.59890701700543
14.76921030338978,13.682679443299017,0,7,21.534005056164574,70.49162151329475
11.639964501035514,33.961783486015264,0,6,20.958802581852353,26.194014226769372
6.557618341426339,34.94595113161064,0,8,22.995601628387575,17.525916518423514
6.609676533017518,35.940192804747525,1,4,10.149088186443272,17.954792242774907
11.194943373038926,20.696081114301652,2,9,18.97622945860758,65.13637157224285
3.9622686136403837,10.604427368579001,0,2,15.96981171037156,23.351531192781753
2.1018746404052226,48.60061477817887,1,5,10.441167251710901,7.599994074274514
5.64202128579126,20.0357218276441,1,4,22.69239047887803,25.047884866896194
4.664965378984185,37.041051522101895,0,3,21.26426778116229,10.521173535597311
4.796467746611857,38.26519479514838,2,1,8.18476636354998,15.000301711518299
3.887312390223694,34.40029668317943,0,6,6.4446918194981375,11.999679975302556
1.1103512497272474,22.51629576854593,1,4,17.70162295965551,7.455111028104969
0.7591720536345002,20.84385015056263,2,3,16.270220690561096,4.620880692600457
14.821974651172457,33.90673130810812,1,7,21.90886560988948,39.91914933627949
6.702710439170004,44.64382534446766,0,8,9.978089881726287,15.839687376663697
6.072736383815385,47.869349156935826,2,8,7.43459511421478,19.465058074727263
10.354885599049513,14.236232176150306,1,2,10.40666067412377,58.33857453905113
3.6646813740434303,16.193144503908794,1,2,6.321769888694878,18.730868114087002
14.274437167278267,47.78945035132318,1,4,6.610176770211851,27.011911916958148
11.902002709025505,39.461409133391705,0,4,21.552582700652913,20.818672582192598
1.7964595335277629,45.319752993190924,2,9,11.984281902531931,11.08465206828101
6.554921248881461,18.105305365413727,0,1,12.98375301716457,22.29062841522192
13.247215459651388,33.50343484437607,0,0,6.312318127147775,24.84862868090926
14.19861432322545,38.04558377669895,0,7,10.598870262921391,28.494340011064423
7.277321913123111,37.20447541787891,2,2,19.68034172360433,23.53146920542399
9.394465143555262,26.326067634667925,0,0,16.463346314334224,20.504458095743196
2.921992218335091,10.615795667652339,0,0,18.814270218469062,15.88032131968218
14.87194507898616,33.317042272170525,0,1,13.602633593494346,28.251880468703725
3.8592396700599294,20.12406156718435,0,5,11.265396769772611,14.626263681023705
14.169610724959322,28.010169845715613,1,5,14.207771586582295,43.12231338577025
9.919876410389342,48.30324060335269,0,2,11.49220816289777,14.949671786364279
9.312183525743457,25.961412705697388,1,3,20.262508643459157,29.89634121820807
7.933983409739374,43.59206426657707,0,1,11.060453165078378,10.809814697509111
3.844712269907501,17.541624229970047,2,1,17.215981887702426,24.494802126590567
3.05965646407987,36.89841992100115,1,6,8.328697779261972,10.377971979094408
3.6970500315175427,49.08027817755774,1,0,17.676730393493468,6.494099120295284
3.2033548010916904,14.07572403491747,1,6,21.526095097200574,22.103819077222752
11.803974866717923,10.33279768908768,1,0,16.345913628878442,88.55797098562194
5.576816257917587,27.343311705304572,2,5,15.517541460586113,26.04187509415475
1.3387188101692473,13.705019322054689,0,2,22.339010556367885,7.258635898016003
14.551988137041764,39.93537398704925,1,7,16.665741440369388,34.148471958005665
13.314895331969673,46.58194655394236,2,5,10.412357365642404,35.131267568827134
13.952408106330587,27.360838908350352,1,1,10.970647405411587,40.466738598776644
14.926163428373311,20.348465686217637,0,7,17.99021292311076,49.03093827008671
3.0214811136825657,27.37613276026439,1,4,18.502422096167166,12.17404958238048
6.245509274088552,38.93791271400004,2,7,11.159435940413259,22.57612917699483
11.494457897709324,10.36216646321484,0,7,11.870847624747613,71.72175687220162
10.592298961779987,33.578159579387886,2,5,22.84796064856448,38.140150701607865
2.7314906419278984,34.53166739549516,0,1,7.733193342864716,4.581730908909022
12.329580312363957,35.50752987583742,0,7,12.87896548348169,26.629746157091297
3.75438829163158,19.68088319923509,0,5,7.061608030357627,15.543673104740094
3.7453554149280346,38.56210893512507,1,5,19.958332153970098,12.136681229730948
8.286129131954496,13.655659453271056,2,7,7.569879262072348,70.88321513699665
9.097629055204695,17.970813458672033,2,0,17.45812505986609,55.33684328826493
8.911250013648262,45.09880186617928,2,1,6.960218208059195,22.404967122629685
1.8265591422674456,39.548926029062656,0,8,17.438535642764748,9.157693266226325
13.223182508140516,10.549822160453811,1,7,20.331628097770956,104.27380978268886
4.351200617536238,19.93505041479201,0,6,12.779965957708974,17.9437376327141
2.3779663586006605,18.57625931972658,2,6,14.876150388347007,18.366009143230354
13.386847158100169,20.832253121478903,1,4,12.826209546089803,53.38487464013246
14.356946724331424,19.902390811195456,1,1,11.108308896754862,56.79721498642229
13.000850450349034,12.50105182971383,1,5,19.65547781066118,85.30530432418415
12.237983083510732,28.357620663872815,2,9,10.624043753426825,54.4687029489074
10.001008719265815,39.30933899144661,1,2,18.2900382146206,21.44061252363538
8.48743187383252,34.269268988697455,1,3,9.505350347338439,21.763243391815326
1.761308018715447,36.91486674392319,0,9,10.247514533331604,10.461677688646791
6.422571589525131,13.245967141449565,0,1,11.719839763812608,30.48581775468993
5.903983496678553,48.059628407071486,1,1,16.0156584156944,10.155752142054924
4.26642986452473,43.53967335372099,1,7,13.725179425712199,13.329347287644811
10.989591648484481,42.20361273982651,0,7,18.667461767072947,21.62480543426269
7.690198158642176,42.9193522016707,0,9,9.63064410571527,18.115648397052155
1.675170130660895,47.30842032531045,0,5,6.18142889343018,5.193528606452194
3.6926564282722643,31.77015864454791,2,4,19.20147702034874,16.244240496257426
10.407252073064141,18.011280714705038,2,7,19.968038675961232,68.26584385858332
1.6038974626093527,34.671344314101646,0,3,7.0111627728426225,5.472576229804605
12.842500253707145,39.715259746717564,1,3,16.385427876692738,27.026346097786654
7.6796246417026275,39.51669573416102,0,4,12.429515325842324,14.936519039027683
7.468505371236396,30.857960966675204,2,0,19.496226138306785,26.56074839570826
9.089912877563005,12.738348773343123,1,0,20.865047421340137,55.219451557783
12.457874005914663,24.844517537205114,2,1,20.467064035553236,54.64454842642358
5.543233514581799,46.83066433853429,1,7,19.212472204964484,15.262912644387656
10.331234212106422,33.377956390297044,2,6,10.57388788861677,37.89489714804373
8.70311347793897,31.533277730228537,1,9,19.802123940661385,28.62356950286857
4.371909917456609,20.754140575287742,1,8,15.069134090406976,22.313579356227944
13.240134802149791,24.737956796663156,1,4,6.896862452145544,45.856768465837256
12.062677313300458,45.81384356612677,1,1,13.767960448270232,21.597528022776803
10.04755160254717,36.65852190107343,2,6,22.016684589509886,34.27348435971591
12.833435071866507,41.49548107009331,2,7,21.093608945504396,38.78030461590653
13.075765913917134,28.173816922706205,1,6,7.738492776950973,40.38644127037191
10.771263162368005,35.20988877824632,1,6,18.650153657144294,28.606386494446227
12.636693261273244,19.9353443497283,2,4,19.69847872128999,71.9919871906676
10.613336194204614,38.21843321133945,1,1,10.613599200025002,22.05585069541114
10.362041190524357,27.10405334813349,1,5,14.017345702598568,33.872635600006184
9.469864984120173,27.701820592589822,1,3,18.08679500488261,28.880602395946582
11.414391273585798,35.97289298307527,0,9,13.463705309959515,26.92837875642845
2.7997740267495685,47.451224858757065,1,1,7.917547620731808,5.083900080202127
13.272626008384462,12.560253864344837,0,8,18.000001559589265,70.19156079918997
13.141731152305864,42.989729493880304,1,6,21.49785772550016,29.341195524015173
0.9240856040011076,21.695324416487725,2,5,17.092240382904677,8.411561587952695
12.474342883189058,27.75677818025511,0,4,19.154612725673577,29.87067702727072
2.3686130783649553,10.87653315100036,0,2,12.092163106183085,15.127719158041986
5.359223386757558,22.041843113372522,1,9,9.114370167152792,25.274200650211302
11.280869716228313,30.105249705205217,1,9,16.927152247510975,36.64301828124366
2.831018492700469,12.24704309389756,0,3,11.57211049930072,15.481899964901844
12.360521849726402,29.643829175326605,2,2,20.621249822826478,47.243726829619426
12.565945580387258,47.08442515433709,2,7,8.084676849626112,34.2971161381206
7.858282139532125,14.215728724312209,1,2,13.368882895463102,44.67206337444223
0.592595139894087,40.57762912302017,2,6,12.74436920796256,6.015105915974061
4.662052931036236,26.386842135039707,2,6,21.946915510416805,23.09019140414905
9.445440316448263,36.20694858097352,1,6,8.603291610274866,25.781078117424585
14.72719958139764,20.409463919409173,2,6,6.167396025204186,82.64584470430505
9.661296141741692,16.37969050165433,1,1,10.047448617720999,48.41142570500572
4.267151925430317,16.41850457084906,0,9,19.944706616067126,22.3888454658783
9.693082694944364,12.819677825725787,1,2,9.55847087279929,60.253209171877266
8.329788005879905,17.42586819604972,0,9,10.094927082993205,35.43214579479943
11.807758229691583,36.56877539955873,0,8,8.208279677125784,25.685428568879466
2.051219262990897,45.26762447374032,2,2,18.162415455701186,7.281430597471657
11.534904586279406,42.56502742364647,2,1,7.175961238592092,30.572515930175854
8.348365390803599,37.405372394979366,2,8,11.630541139584867,29.75183980436101
14.463384055955423,14.417274536444108,1,9,10.802478352556397,86.05152067713323
5.457146407560948,21.56749785183799,2,8,15.437715406432632,34.06824718909449
9.673017450442249,22.392275012898757,0,3,18.417076505335505,28.559500586261755
14.014407529895253,19.99827785590485,2,8,15.058899389844706,81.74219720974895
1.9863910558648492,30.600226388388926,2,2,21.82744188057615,8.305784944910103
14.089813064928542,31.4221525951869,1,6,22.17452486108464,39.8440311015549
10.474342973361793,24.275439006844408,1,6,12.144910584474761,38.178783323436356
1.4836373570249926,24.15156634945744,0,7,19.220566396673178,9.942132478373592
4.863971720728836,43.14222391624325,1,9,18.559623515559224,15.695954411544895
10.768495285356583,41.571713932787425,2,3,21.180398058982064,29.40231043715267
1.4765837212971897,22.311833267229826,1,2,13.615041883530957,6.111264668090727
8.941471672555963,46.55153775493037,0,2,15.018044182362468,12.505627944695558
5.515304325817873,48.11260068010024,2,4,13.068163330886758,15.44871818411222
9.503275007628417,23.069701681201632,0,0,20.456407628094993,24.82428242205245
1.1632594902814364,24.176997951722193,1,9,9.904939361156284,10.979816127216598
13.137283689209456,30.225366136878353,1,2,10.07505433012156,35.73271140180138
14.615590053072255,47.64483250134694,0,5,12.334286760810356,22.279537102267042
14.548728901642527,45.05277732569246,2,2,9.91582814573997,36.36759221272049
11.369951560272408,14.102718503343592,1,4,15.537116219053653,66.96140993847986
2.3862504818941637,25.70922973085665,1,8,8.286331810423539,14.24239539854597
11.494816340970827,32.13484758999087,2,1,11.44316572986894,39.636359755819385
0.8565102886526219,30.1252989020616,1,1,21.52855987408503,3.475999624575456
0.8207914971704602,17.75452271747571,0,5,12.95683316326053,5.810692119666638
5.192348177668348,44.352670846726184,1,5,18.71997318038966,12.720157279433392
7.585326260867653,37.07763131987349,1,7,7.9288572590117585,21.341105520975443
11.670907558213,43.516334994072146,2,1,10.208596638410338,29.35978645384078
10.407782960794325,44.350571173978885,0,8,19.724875560406268,19.707377915543933
6.965589242462851,39.93423414662959,2,1,18.9708799169248,19.84833538896042
4.467586661084155,27.568424049988693,1,0,12.564650616094958,13.333123425016922
14.958305252286811,34.42187020061698,1,9,22.224747334569063,41.08913314612022
6.679628882421608,16.414616244789727,2,1,21.480931269187273,45.07272244638244
7.045111852780295,36.94581669899631,2,6,22.359112734908077,25.373001822075484
2.872545407279203,17.170130229571228,2,7,13.274549733192352,23.447471274276715
12.024738456873976,37.75798362040627,0,4,9.357050922656612,22.76772425005229
10.558392273831585,19.183926430158746,1,5,16.653196864552797,46.21531214367914
3.701159385437026,14.702052006008799,2,0,17.641143690746375,26.25669474097303
1.694525161429719,16.611379605718298,1,5,8.13251033565884,11.235622237338776
10.36723988008334,10.07968540876281,0,7,19.3702115830304,67.73848116781056
9.990412607076461,38.74958471414121,0,2,6.307023735919329,17.112797309860362
4.462263141474035,39.29604196233517,0,0,14.206382587105317,7.001570663747826
14.28752165263095,30.597333996530377,0,3,11.627276411413213,31.255650813126934
2.6903394308230535,16.45451204221535,1,0,18.58515201828443,12.171456786341125
6.768854615117728,13.34217350042759,0,7,11.316932366170871,36.64174907398106
14.182430842430184,10.76515865749148,0,4,20.055720917277558,82.04812755230952
6.586046095428774,16.62992707860883,2,0,16.11420930927378,42.49768350044812
9.75862624112924,45.63422139932587,0,7,19.496187149955226,18.47127885160433
6.265118770460517,19.66147366806727,2,8,22.818790843273604,40.93301422049389
4.476120434055716,24.170853088688627,0,9,17.545691877640465,18.205930717668117
14.76767589541751,14.213819379253327,0,1,22.74415537814795,63.44312065514351
6.435343091568123,18.89445218992681,2,8,6.490217557668991,43.226808076499054
13.46443845334745,30.768982831208206,0,7,11.748379804224744,31.756200745049405
3.8343417854207495,34.3101073238261,1,6,7.833505497559256,13.30878371844037
3.5900182083637078,19.81409256664844,1,2,10.459183833535473,15.851610502467025
0.9514442018254148,12.309286369004688,0,1,20.261094285138164,4.759360908269515
9.949168967950333,25.641314765095945,1,6,6.549495510543535,34.52779882190882
5.843631983994537,19.368134837053365,2,4,14.843109907450692,35.601356573984226
13.033194622674737,18.782156929192077,0,5,15.64118802805034,45.90725510210548
7.361543647027579,48.39451210853821,0,3,15.539569493423254,12.598340482169501
14.538804704763464,34.65201943702896,2,1,14.080050254995347,46.03345121190191
3.1901199776952565,32.275137726883834,2,8,19.44025040108584,16.18775615523868
13.095035935356357,26.631004140932877,2,2,8.27023252159437,54.31079270008421
11.760654365480255,27.15777333720577,0,6,11.279809264363385,31.112403112309693
11.678366747338753,31.636200153523234,2,7,16.467342908567936,44.98259282607888
12.749356807694872,37.85719228144429,2,1,17.74617322655525,36.51882987330759
11.534847868673484,38.08584384727318,1,5,12.870523340209957,27.950260975488032
9.580194663655524,16.867756308217984,1,7,20.881311476562963,50.13324507593242
2.40305072639462,30.004510083065078,0,6,13.063387743830543,8.8691086594579
0.9716296026231528,26.478323801364077,1,2,12.847194283921663,4.014735452430385
13.85229379332746,44.82107865077537,1,0,6.615523445285544,24.728825793331804
9.441429560550702,35.25675684873505,2,5,15.369402715310475,33.347811499198514
12.049790719154556,31.300162656639273,2,7,18.047574254702386,46.57865081842065
7.482074096931976,14.615785687156695,1,5,7.9454487797864175,42.935107660843755
2.20096873995472,34.22551557293646,1,4,11.192357023493805,8.35026993227553
2.3151939869369813,14.688156227209337,1,7,19.281368214308486,17.746574541916484
10.440696664820084,23.488263022630083,0,1,12.220630402030782,27.561289245606346
6.739435476042209,15.713678592573274,0,0,10.107241854680678,26.050715181119635
3.4076085371548825,37.682945880974756,0,0,17.427411280606908,4.947569345201827
7.628120927750834,18.250084553446104,1,3,9.344899220418146,34.786156044036844
1.4310295875894443,25.67437492752104,1,5,21.226099632914007,7.898008239920041
8.938585327758782,45.826991104751144,0,8,7.795172732444396,17.671422694891298
4.400404364308916,18.17265533595881,0,0,18.011346638808057,14.811035809940073
12.064606959239228,30.312202558351164,1,0,14.492327921868378,31.11693579557452
5.00024840439182,26.77086644664088,2,4,20.78880256074889,22.590712512545394
7.100692161686117,10.72496164182919,0,9,8.145316547446022,47.28684584915619
0.6684978286674592,41.71032454291251,1,4,17.524213614433492,4.275083037971046
1.5504798730211038,12.76183625258399,1,4,15.724928866083484,13.062073993698222
6.19115656789693,28.970200839078146,2,9,14.161532418080789,29.773068459908522
7.459113103398291,32.427131797558,1,5,14.353923478355362,21.4792553936234
9.200297947729904,35.13705826458349,1,7,18.273608350575024,26.14939970580758
4.729107391284897,37.54526517231503,0,2,21.941608133891975,8.609219401932704
10.577237348834867,20.1308953409086,0,8,7.551278205023817,37.78794515544277
12.971774759243466,10.399151066337975,2,0,6.331545009378844,134.11285178312144
11.807839338953572,38.937746494196475,2,3,19.69698147218046,34.955225584767675
1.0744729675511786,31.426263973903144,1,8,7.838879588362909,9.050915227768698
7.4673507352385196,43.44470812828995,0,7,22.773845533367204,15.920531583604905
2.0214875870635356,42.855534516027774,2,9,16.528920232300234,12.111966263947613
4.009652730006648,43.73304671151533,2,8,17.064728719320392,16.468626361042663
14.806607602373624,29.403786399181605,2,0,9.381158949946295,54.45851514154107
2.5661853720719416,23.345135833474625,1,8,10.085309275043466,14.929370828681746
7.733878225044663,41.6623281036548,0,2,17.208955152687253,12.425019121873985
9.463258147612727,28.0517645211702,2,9,21.46535624488135,44.16790411229749
10.685742072889507,17.33768785613738,0,8,22.70063942679863,43.57296061855235
8.614905910560255,44.198960782458975,2,0,9.366526092728591,20.532436843626137
0.6416772875781631,45.302395070893894,2,0,8.280033586066432,1.8541877040457304
5.233688969537883,28.652390245606803,0,8,6.9588230819334385,17.797437632418852
8.006818829078316,13.027989092391499,0,5,20.761049308742574,40.834373589379375
1.7740642376000837,25.51304359667725,0,3,11.010152396559969,6.564591027700574
5.584090502533121,42.14150637850413,1,6,6.030804575777278,14.106195648092847
0.9814450774748151,46.070961141849146,2,4,9.80490746295929,5.078992660185683
1.6393882087478007,18.138909699903834,1,9,11.787498361690114,14.671459472523527
6.255387504923143,12.678944481010861,0,6,22.84676488144365,34.010777980004214
2.424378433624375,45.094018125313546,2,7,14.900207095570389,11.326456064434401
8.729342299792593,25.576197559155013,1,7,9.480137109116722,31.792657403313395
10.497242052490353,31.67043857070253,2,0,11.691911860128668,35.912264193315714
12.108507137081702,48.722632482030356,1,7,11.615230688466934,25.181364860521946
3.4021785415497465,12.662589116568913,0,5,6.335337689873983,20.331009363648878
2.9284974427565116,35.93272029808382,1,3,8.29811192091431,8.18727770872514
2.0162336848488036,12.964216902994682,2,7,17.81833981495459,22.44983321605246
9.728238618382733,25.018757138660014,2,2,8.044266771702489,44.38276785846754
10.743898034060066,42.15258180773787,2,3,9.92248270230402,30.301407307230765
0.9579990999718095,27.338889310225376,2,5,11.96253407287325,7.831161089785779
14.075077570533502,49.88729415611802,0,6,18.881494056538994,20.76276417076293
1.25358361294635,32.36237139786409,1,3,15.900816402754977,5.2967172145634605
8.348796861865521,22.84648610543814,0,3,17.71299974480566,25.14899708842261
10.781377532038288,18.804453036190125,0,6,15.639209532142928,39.85980688797394
13.12905229431824,24.020821371446473,0,5,17.621071228771775,37.02488907313867
10.854260515920203,24.901330950382032,2,7,6.048316612287532,52.31653879506433
12.12505720451198,12.748547108958439,2,0,21.8252684543143,102.74421135425881
5.422027791870688,24.782967977070925,2,9,7.885643924871711,31.21502424709633
12.314964149324428,28.569540789568997,1,6,12.906234631607383,38.89234321439331
1.6616652725777896,38.909510089552185,2,6,19.10765229416253,9.568546313734874
13.474841512877651,36.269179388864316,1,6,13.398922206160208,34.20632927996321
8.440089454229176,38.350626209166165,2,6,22.09632337834777,28.538966021034753
12.350817664456159,10.334547275074284,2,9,13.949012124479035,136.2193489258934
7.058615125515352,18.706695983221444,0,9,20.873969895245413,29.610398715504015
9.831876580349611,36.46737153599426,0,7,19.784077927158606,21.98871793733261
8.13283858357364,29.359574727189887,0,8,22.676767147577614,23.52065321697398
11.108048065452312,10.212539026733838,1,8,21.751312272766583,91.59382419658724
1.683634739443549,42.17978569727289,1,1,21.268105190118938,3.304404634895535
1.375105217863175,40.91238293161349,2,6,18.43727378883096,7.847748506594136
4.082996893147124,31.936766519742505,1,6,12.238968503559754,15.32383002200663
2.813397861641231,12.658533031050885,2,3,7.804132115603341,26.491618255213684
13.140861715586924,40.66060198130339,1,8,17.70696588849463,31.716187057847918
3.6786028166916425,33.348543509254554,1,7,22.637119382745404,14.300561855223785
14.650046209377404,41.278399086318366,1,0,18.352275434641772,28.558666702818506
5.384988980681049,40.06987969583362,0,1,21.788399277714703,8.640254369087513
3.1407097774861397,42.12008287831348,1,1,19.673180120243785,7.174434841197208
11.950628353565948,30.720322656184994,0,7,8.77294947698354,29.0576293634665
10.051262744762704,15.612980727740599,0,0,10.236464100051883,37.82630529265664
7.7238378885705155,36.84629893518755,1,3,11.811715229959956,18.338180914672996
8.552771488595653,34.818951402078824,2,9,8.86042755374607,33.42512165938377
10.928425784947825,39.69012748796349,2,4,15.888072655441114,33.48367150911804
3.8125937493038315,16.79524024202941,2,8,22.58265891029417,31.530126130938456
14.946841782822759,17.799007996011568,1,6,18.944800168414694,70.47797391190784
14.634500851128355,45.61638068877314,2,7,13.197574734146851,39.986826744410884
9.929722452030585,39.999111938082834,0,8,6.076576176664907,20.839423810176008
3.3933655384726045,46.32913954801292,2,6,11.325692189349038,13.279221864854648
10.363309515253723,40.34861284655683,1,4,14.95490789076766,22.591575895088695
1.5468769301980498,33.88621223961208,2,4,11.512264855483501,8.078163519182915
0.944461281984188,36.165309481114946,0,9,7.887593691405613,9.949142614448627
4.236401883412599,45.565116957600395,1,5,13.527004266652208,10.992130958308465
7.208032872720087,33.15227018047762,2,4,10.305297888417176,26.045726838055085
13.089951328421517,35.295652973135496,1,8,21.456950399845525,34.44480504923673
11.043951511611466,16.259068640144022,1,2,7.729826984517268,55.783402128678
11.269244557399725,28.95684880464411,1,2,6.835594688320077,32.129863679070716
6.669653349497093,38.655884478323955,2,6,6.090340875632655,22.99969011382135
5.516057391930962,20.837707932654617,1,6,11.577184636256181,25.353214928445443
5.880062063276739,18.090167220981396,2,5,17.226576249415107,38.77304572964939
14.82091867417284,22.553072328976622,0,2,18.417033798990474,40.09766677916984
1.081583275480996,19.66002511971334,2,6,13.705448617489292,11.135607267182193
13.071956693775505,18.596505481455836,0,4,17.633587057739533,45.392432474878575
8.890793424299705,26.99403371472348,2,6,12.118538615661178,40.72352584345228
6.859923578249061,46.31354055534136,1,1,17.35270573977249,12.356571162649582
11.01623607601948,30.282385869548733,2,5,6.690131750140348,43.35425401356788
7.556699650658191,17.51681523261292,1,7,12.642800737639071,38.13154639197459
13.164636952184079,13.078866775234964,0,0,19.444444519764048,60.84739914457138
13.560177028163249,37.84624580551701,2,3,19.65110251780302,40.55186603345756
6.614953439665103,25.311950577455512,1,0,18.17452924088681,19.96825718980609
4.514003059908248,42.873237863414374,0,0,9.472056549687695,6.053295694275141
9.089079764603753,36.380430745630804,0,9,10.202487021820765,21.16071673423838
13.729268511442019,41.84965802165474,2,7,22.93350836349671,40.739381620720025
3.5546017405821653,20.87784157673795,0,6,7.757426122433318,14.68933675898392
9.5330154616705,37.69435689844232,1,9,9.07126588134096,26.737516270178624
9.657623191341548,20.562479387748752,0,0,8.210446346052255,27.32973716371278
11.130138825021573,47.56273917801166,0,1,11.570134382621465,15.304432025041951
2.4077314343452674,35.454971261334975,1,3,9.572989198976696,7.895973828685275
10.879461987890284,22.980472007013685,0,0,14.460695312312126,27.97330243330205
13.680971549651794,20.780474491690907,0,2,14.092352016962039,40.810648828628956
3.1054050786185083,17.637063402865742,0,7,21.325595530672153,16.583435161514664
3.944378211396226,37.785638355749114,0,7,6.590579106561285,11.734559943003672
14.585228863603774,18.748624519917094,1,7,11.437952803351976,65.65873550522474
3.1241658142876014,33.812130637099564,0,5,16.143184163950533,9.502070876225027
12.888583853858897,20.585401077014293,1,5,16.281629951347384,52.29212189369923
7.638028918496504,36.478757791754745,0,4,14.162145893241556,15.409038767690982
4.084850578846067,42.59758914162157,0,8,19.866314193848773,12.128324239996195
13.125873568451416,41.121009725786124,0,3,7.066276914045799,22.079674695711464
6.95692619753865,40.43405323723127,0,9,19.86329201486231,18.535029396521264
7.964851631980507,17.508896227690084,1,6,14.410822087406961,40.963751661832816
5.708883856296603,13.53539787938075,1,0,8.273931816309037,32.86247241225036
9.097787345806447,37.95795313949542,1,8,21.05693253018812,26.223766555433826
2.87109615248283,24.73388855177405,2,6,17.03688925219638,17.615715154427207
6.170682281450531,27.293849056133894,0,9,8.780276676010368,20.27515113006033
14.556478673861669,11.245963711735643,0,8,6.572045297783452,84.10969166687009
4.242934774166349,20.383057971001968,1,6,8.398864021655037,20.708011830147502
10.022681635848738,11.34705615497856,2,1,16.34956532306669,95.57079981566451
5.215255931258076,45.16743090404991,0,5,9.048035999420824,10.340786147805606
11.715360322455709,19.735867328741218,1,9,9.837972272875477,53.427773669695746
2.3976680804160724,32.293486782920326,0,3,6.427375337857341,7.231873884309944
14.562405153638899,11.559172826445216,0,2,18.289821428056264,77.72292812414784
7.079948350062769,36.67389565222632,1,1,19.77619479591043,15.23565332760496
3.9227317185237274,22.921093830163755,1,5,19.546419005126094,17.197344155080266
1.5657028362851835,45.91676747830663,0,7,8.168658573192833,7.889218329143592
2.961489623769341,45.52472755736143,0,5,21.35611916560891,7.979069128910945
8.036722254062255,23.011624734469912,1,8,17.42874010105936,33.98847596908139
5.386546058253652,46.03843582761871,0,4,21.257986580406694,10.00271709385976
12.518808805297837,49.846306939951155,0,1,13.60172857702128,16.50534786097101
6.747869093096186,43.016626564957924,1,7,13.428232638422863,17.833468603885567
4.106356952520634,43.794853910209156,0,8,19.337120817643218,12.404669557854385
9.448602305758437,19.960349444363597,0,9,7.58606354310464,35.411728041821725
10.748269644838965,33.06809595431025,2,3,14.854858622793058,37.53291366729186
2.922107664563773,12.690236558694714,1,5,20.218532005730836,21.1625977202561
2.930478636180606,13.796717472866789,2,9,20.113273572182713,29.721259516347192
1.031735690536373,49.95570448133162,2,7,22.254258557820272,7.7267932926489555
11.177829218451787,23.06556997703644,2,8,17.87063409001929,58.78802011222469
10.125165650516173,39.92735648195385,0,4,9.532100700475382,19.755981721372894
7.382147698372301,42.26660212107266,0,5,6.344765353207874,14.288455483913147
12.740471510053359,44.320930840289165,2,3,14.150068576660733,32.75730318203201
12.18221721777577,49.90513189608626,2,4,14.732965715583445,30.414852864942123
8.987638283752906,19.659859410274713,2,6,10.084463936481836,54.712352546546526
13.08993356744225,11.614033074387988,0,8,8.119856601101255,73.44648794853926
3.4846975455331397,26.44766071978344,2,9,15.965538825238653,21.66252224932834
2.1228344812670543,15.203226793157878,2,5,18.992346458410402,19.49769950280354
4.411369366996349,10.897035566482206,1,5,22.88361976103273,35.65809752251057
1.3277594132950654,24.417073085659446,1,7,18.891144492578814,10.004419918856243
8.201958156014964,41.34953004300946,0,3,19.491751042344877,13.985276571474142
14.080782538276942,32.647227649002836,1,2,16.479834929889556,35.49337411403449
1.0704813396933899,22.511119568414163,1,6,22.7606852024903,8.26349175526701
2.2705937531453886,36.173680219708785,1,4,16.879258546947696,6.773302219169896
7.056885910109812,19.280727212352428,0,1,20.624305868794973,22.85856787747864
14.04118775415462,10.575257842883401,1,1,22.07833898609625,103.52570776973022
5.084263522162883,40.574135457457096,0,5,21.80759450850954,12.025226721292123
7.85490472598169,34.949723394560365,2,7,12.48406084431706,29.30744899583249
1.1028064562306854,40.4921049800384,1,0,7.337254991342397,1.0
2.6509764139502883,11.557520667506624,0,5,8.921852943167195,16.87769925224883
14.80613678290328,43.48478511322609,1,1,7.0067961917423265,27.337485795900182
14.49422109832266,34.781048001452135,2,1,7.791747892095381,45.89982985959595
0.5716297235489394,32.535814028505605,0,6,9.13907118019286,5.147836357509709
14.301270888636965,34.984561924581264,0,9,11.79860338198583,31.191088940172612
9.767239098324755,44.577329874734566,0,0,15.240173991776288,13.142431428873396
13.084815270540322,33.47746026235628,2,5,18.098595009036462,46.6983975511545
7.093727906690957,33.23801519552717,2,6,9.585764713810702,27.244548646437014
7.976142414399129,49.62716628263063,2,7,17.43288087204837,23.14748745268401
7.588275413725342,40.26920668274272,0,6,17.972404266541133,15.236974385586288
10.169531734418513,27.691752218045412,2,5,15.496579726725221,43.81991370380959
2.524943193966537,38.29588000131711,1,8,21.36150378657808,11.920631215241709
0.9346170531538303,25.569218867671538,2,2,7.886911836670781,5.809765620076526
4.964984153072268,19.15501849933996,0,5,9.011064779241131,20.049209408871985
10.717871059681377,33.874075075510376,1,3,13.287302014621243,27.54333302443503
3.426875055782751,47.12728392455806,2,1,8.154116498982061,9.576719378236614
10.264770283211302,47.16558080061851,1,0,15.627034443309487,17.02965581821547
14.563724668555421,23.676211124219613,1,0,12.772807932360216,48.90435076688422
1.8615603789465667,31.107098648867797,0,9,10.838128507110614,10.318565703185888
10.252730714264331,18.46543594279445,1,2,8.889826821299835,44.80597335349699
6.934378179916282,49.825244379955336,1,3,11.700750051919576,13.19806981637842
13.088062688473828,49.24471631471743,0,1,16.335308964149814,16.22516650961604
3.0686719469870956,35.980357188297894,0,0,15.788348585119998,3.9369159526924475
10.543076307279385,42.17656238709893,0,3,8.781608003573975,17.833135132199466
12.652671699897597,38.604006451348,1,6,8.123636782590768,29.899954373256108
14.196906182373336,33.72632876157873,1,9,6.453504964350833,39.83324166016344
10.407096410199864,12.133919879555908,1,5,6.211235094496849,71.69182123099506
7.709034078122196,28.19057370210644,0,5,20.956777407234647,20.693727233162452
9.458784982917601,36.99145208669642,2,8,6.766510552091629,34.8859120969285
13.099122274941415,37.101264555347385,1,1,18.430758867845185,28.39926047289982
8.77384132626303,24.924904736895343,2,3,20.82374663616427,40.69493733143418
0.9406123656041345,47.667679466321225,0,4,7.666983425561779,4.263626658022626
13.998756084851179,16.694281289471242,1,0,13.4171242051613,64.98146092290968
10.498137889957636,30.014377848622424,2,7,22.359150713962702,43.65108868107541
10.309444093770075,37.63535906203291,1,7,20.180357228900945,26.748569055190526
3.627289709766899,37.88543223567237,1,5,14.324968541583535,11.790265983086378
10.05383931837353,35.94555827075262,1,4,18.9637089174564,24.731076171905936
6.211033881985298,21.01152853807441,2,7,20.167419615338286,37.43724225168944
9.942878167101636,16.248262747464878,0,2,11.916458374208228,38.26844952568095
2.0455989394658656,35.437613073068434,1,2,21.166599586789335,6.640950467950562
10.038756916744022,33.97208464557751,0,1,13.998046434511664,18.317836106729338
14.991499023674665,17.174240411569638,0,4,14.97272518050011,56.167860380461526
1.1990745634780624,38.205565822822535,2,2,22.995029842971128,4.537134003253331
14.6690256712091,28.206879669346257,2,2,20.33615042458674,57.90047390617421
6.400165430481624,36.71042366412612,0,5,12.15009009814066,14.116714371143898
13.125925029890258,43.49468319080603,1,7,6.175875140035899,29.696891412302026
11.844589518844964,16.78913714307693,2,1,16.644959254496207,76.58372434164217
8.721735784306683,10.765794719873467,1,3,17.96652824417783,65.23208160496776
11.207513534144235,41.16410345583147,1,6,17.063645732437454,25.408459866043
13.238475638869545,34.38789700610464,1,0,22.453659969774623,30.0795589409668
6.360034663939978,37.98558278488487,0,0,20.67050746464645,10.341495793680142
5.241980842666961,43.5261989995457,1,9,13.630138784071026,16.835320884056685
10.180104090671978,42.11243739298002,0,6,7.068577287030476,19.232058010322177
12.21376615814825,48.436805877152985,0,6,14.092999081533947,19.59925658239863
11.553134454260928,31.437403154084727,1,0,17.717148339354395,28.52538412842375
12.0682979084502,29.539825306396214,1,0,16.33106673985908,31.74611315699935
6.815958064787528,26.075487995629203,1,3,15.148330151085043,22.91498323739907
12.358596134537814,16.14764171376818,1,4,13.969922286259102,62.98921939583019
2.2430313028738222,32.9042893152809,0,4,10.993951841465567,8.159960887997503
8.395091920432318,21.08050097303915,1,3,10.714894949318698,33.48251291968775
0.5835005772227628,46.85230048851902,1,7,14.503935141738632,6.751815858692784
5.2064945335539194,33.327632171083906,0,6,8.730253489304033,14.209021223580615
5.813692255635269,33.713607220324405,2,8,11.791652200771626,24.860530672025657
6.2445040283342035,24.1969864350804,2,6,11.507647670071693,32.848542525327076
10.584274497003001,12.0795740791083,0,9,15.981257626931415,59.562423151221815
6.134092468420013,11.269750614919545,2,0,7.133599106171418,58.754977129752696
7.006057528026695,26.9334057661279,0,6,20.104367564506617,20.987146194457786
3.9443898976777483,13.382615123889515,1,0,15.560432466534836,22.747028139713464
5.912150978625431,34.273878221605564,1,6,17.4040535731909,18.44846028658175
3.7954095953156965,45.2389202255863,2,9,17.95259636391036,15.020201222318345
1.5613408946424328,45.31659266074889,1,7,10.95523032632312,8.194745227464164
9.25000460402998,36.3618164052893,2,8,13.99631664554273,33.62782934578313
10.189085579047736,18.44927325891724,2,2,22.256181249784344,61.30590742982699
9.482610017139411,44.519873254354884,1,3,19.03398904594585,18.8956661370297
7.220663635108299,45.44373741252833,1,3,22.48246687879415,14.864364598831001
6.0068938125988325,17.866143398118346,2,8,18.6863238674869,42.522058594108174
13.018337918791467,39.49704343082709,1,6,8.985202375044796,30.702189328484074
8.026685884475162,21.46078195708492,0,2,7.0971100253594965,23.183667125018545
7.448137225631099,42.10561249411719,1,9,15.820244424234282,21.053265883821144
0.8718099541933175,49.889515996144105,1,4,12.082825754944363,4.0944957758026455
5.448093500579267,11.201040213175713,0,6,10.682784472348894,34.567438000978385
6.012836472394928,45.894634631637274,1,7,19.722586939232098,15.342479586812424
6.282930323005057,34.90522134394632,1,0,12.238885540393106,14.53758907084819
8.912499353796319,48.93530476659285,2,1,11.389016485483166,20.464080118514136
8.237236927539737,28.600380701057105,1,6,20.449789083873178,26.350511173728105
9.314623845504947,43.89551722285495,1,1,20.386884720269823,16.91345760204896
11.59080729236086,12.495762743931088,0,6,12.058232841835963,60.8786413864795
12.288293211383355,23.411162003131828,2,8,20.152477916761427,63.48366310578075
10.91278460528417,12.680661510048399,2,1,20.46323433565523,93.0934834888055
14.355093591346552,49.01372533916282,2,6,13.206819095504326,37.21236587329468
0.7643724488072436,42.67895629087347,1,3,7.130043213555917,3.784683900082978
3.3387807924114186,44.10189684983882,2,1,6.026938955927782,9.418677168454305
0.6096616871830607,47.51860925735577,0,6,14.895971869112914,4.963876712034757
9.888383355241743,13.404139444791415,2,4,11.849283387296047,82.64483155042481
13.52144295977481,25.423903700533334,0,0,22.95124220069222,32.11833801223834
4.03049330035634,12.841395561760084,2,4,19.130986993663832,36.9410795008168
13.942000899546446,18.431724062001145,2,2,18.94168275795701,81.832238985854
1.3738771591986323,19.174631081506895,0,6,22.239127060884844,9.003655274771033
14.049322388679958,28.764288441903147,2,5,21.091314764186453,55.76801953301332
5.598528964974699,20.742486698145704,2,7,11.409187150758608,34.21453999965465
1.9706020125136394,14.039124272710444,2,4,8.821782767265898,17.657988672823176
7.5451405082017216,16.699643563764308,1,1,18.680168506113198,36.60780593197795
4.223260231947365,15.891022542083636,0,8,12.43065619260884,23.069011953359784
4.630657078447881,48.923071916491935,2,7,14.04393507772626,15.993176939887332
4.955704491431155,40.37170027673895,0,5,16.716761431672058,11.250081991591866
12.14387551857362,48.71045861078248,0,9,21.43383550789909,22.172610593026384
8.31783851179119,27.589619460316342,0,6,13.124491812406422,23.454988465461664
5.013961637762053,21.134739266506266,2,8,19.316387133729144,31.029981491504085
9.349839858008316,41.93172788836747,2,6,10.561776451669177,28.34403966684319
10.884184776236307,23.05015672164587,0,2,17.86552044570143,30.433762909725157
4.453048010636239,21.97533494821393,1,5,6.0268501583245015,20.41193529360926
6.496461972117597,19.300239688313248,0,6,20.81562262934079,25.290864669743364
2.2673483533857395,15.187159128969414,1,1,6.516452859225862,11.922428849379584
3.1266655682528643,20.25852244067064,0,2,18.11681383096393,11.355071466517042
10.37620888249225,24.21278993895551,0,3,6.786389217441826,28.79326473511228
3.1308560415865907,36.95976832582922,0,9,10.526176889698059,12.641715501720288
8.114869063172373,12.502593688778063,2,5,14.452440860461403,72.85091890836746
10.781170794975274,18.420277586613718,1,0,13.138957650920048,45.71477566131055
2.0497153848737857,42.360945611667056,1,8,9.26121394821718,10.466799236873618
8.7260271846191,15.87687694335083,0,4,11.674853499057036,35.91855267751536
4.220160363669775,23.70580586090086,2,6,18.37100829103644,24.119739030361536
14.462439690944906,44.5863568743256,2,8,17.377370573854023,41.17514106586653
7.511411877438909,16.197012445737705,1,8,7.220847923986566,42.14193135317409
12.186891971739792,13.309473424727596,2,0,18.704369034739067,99.6460847694264
8.478284861265795,29.381519803200433,1,0,6.901779980349482,22.61509090838066
1.1294817263948778,22.096780451141456,1,2,15.229748614696335,5.033997098092741
9.680694946113324,32.53633457935416,1,5,10.421066716717242,26.519421922152333
14.295348461996527,42.152195619339004,2,1,15.99073216851692,36.99625190131413
9.223371392121802,15.485939526109727,1,9,10.442582730995332,53.2287403688281
12.378238461688458,33.227963382171396,1,0,22.74428548363913,29.1301949576388
13.320993718551913,30.220350415594556,0,0,11.265379123368042,26.690506865945704
3.807156693259521,15.763151440527983,1,4,10.113330806466433,22.281003123104338
3.5746501786692866,34.9599394211593,1,3,10.733909945560882,10.00043591380985
9.35922433833938,20.945616714430866,0,0,21.24003857340802,27.270385834398805
6.459912812197218,29.5133727417605,0,3,16.81572008737886,16.146774580883392
12.677988891567445,13.290892971082474,2,2,18.4216296561532,104.48964260120593
13.550335289271162,28.383362288544923,1,1,21.606178671603956,37.521489240643184
5.624609999889413,22.258538721712814,2,8,21.501832242365126,33.74114573796897
3.93462310512999,42.895248447414176,2,0,18.562079391838367,10.986480229734207
11.817619971035997,12.279149079894731,0,6,9.363015290302489,62.015666728004724
4.484687515447973,26.7442909967332,2,3,20.337346451475092,20.247185385602886
12.427907618448337,28.33725696525752,1,4,9.464192581248083,37.43727841022385
6.644204677907061,39.000243051964745,0,9,18.629279839673345,17.692621659651987
10.179473539726322,32.97150300360844,1,4,17.655252131262863,26.288579178668467
1.8852620506026887,36.688493487767246,1,0,18.90111045238759,4.661024473192679
9.545960207810309,41.08197142607025,0,5,15.055656572134867,18.587969907968972
7.050631341689822,44.48811894632755,1,8,16.858345098236732,18.549313624482956
9.005822716044374,22.55501986889882,0,1,22.20644136738234,26.11025381368244
2.9362060123005196,31.52090821455612,1,6,7.718506100961653,12.679635371343895
11.18466930169064,43.604323137567995,0,5,11.25040367128754,19.977445701815157
13.010557624376814,49.57804523860226,2,4,16.3930692226725,32.13576177543229
3.6427271013162468,45.580772441750526,1,3,22.38892021223532,9.212967042140535
1.887861055042345,24.858690504975073,0,3,7.62476561026422,6.945667547764026
0.8427594976718777,17.806660688746017,1,5,6.383336766011469,7.631129674085922
9.808586756427356,29.575701496263548,1,3,6.947743173995576,27.796401629370514
9.302863523287321,39.66565807344169,1,4,6.89089666984038,21.204805010029418
8.427112484354016,29.702762830131903,0,5,21.432869582215872,20.86743727732663
3.8632328936816434,29.32723453254674,2,4,18.26138443487502,17.459409054601927
6.168136940629963,43.529216843272025,2,6,17.51080822533673,20.90286442155777
9.119906860199508,24.456151162687455,2,8,14.883737944450761,45.62287153586413
7.703119453457956,44.391786992465825,0,9,19.29319448852658,18.284013924518025
14.822890043115866,26.272192038068944,2,6,8.646015876947043,65.22815241083818
2.47837641207263,23.129324227133576,0,6,12.663000226403437,11.176919904894538
10.57959603369011,28.15959644798796,1,3,14.33007226299384,31.34249981459479
6.362622137512236,40.49787834699474,1,0,7.876961460504346,13.181719360766461
6.708894416421414,15.040081114559772,2,7,13.131733058737789,53.52533290004267
10.905167602043555,17.856768634880694,0,3,11.380530247464545,39.3028549950462
10.54032419420336,48.057793026523676,1,0,6.604896478488865,17.39406244421812
14.87321190868173,17.019665095254297,0,4,8.324501846396998,55.053032735017794
2.3617171970848156,32.709092717242186,0,7,18.98862599384702,9.883836235574886
2.0095899160704116,33.17257866647751,1,3,6.306644461578956,7.727391611059508
11.002912848366746,29.58497848200979,0,7,21.882306084638138,27.477908572802484
8.886610296592933,35.78980994307274,1,7,7.4692187516030355,25.381883867690725
4.475329665117185,19.193069031904738,1,2,19.58704760145879,19.622052280019506
1.6515808503403058,32.106490711069924,1,8,21.276481196039,10.994202810724758
1.7420446191482428,24.886930209875885,0,2,21.9993049424576,6.67365084007716
13.465767682629716,36.46669038516756,1,0,20.747109399431533,27.798526012533703
3.2820762084217723,15.648941734925979,0,1,10.888350670232533,12.71482316404066
5.188887650675051,32.835096673579045,1,5,11.662481232754109,16.106983814455365
3.7865178322913264,17.410814215332948,1,9,13.251276876371291,24.89621473626168
5.647446434563091,21.145722524601457,2,1,8.368043719920713,29.910090891410878
1.5066457198183538,18.748392012943327,2,5,6.378631736142806,12.056647853745423
8.02636696816992,17.313511194752685,2,0,20.77506744277759,50.407157166034615
1.4803821720871162,43.02843806242668,0,0,15.420188175577758,1.6074169611097495
12.105169363424242,21.428302706435613,0,4,16.348290017029676,37.53016523914942
3.8888251877012787,47.084951274577975,1,9,21.75880407190252,13.9116334711146
8.330172761765404,48.797061013807635,1,8,17.307043027931467,19.25636641369021
13.261146769641144,32.8504187974839,1,7,17.744509573776828,37.05427578931746
9.937721851184316,15.720044906629056,1,2,19.37846702342462,51.521507916669215
8.227887904994361,24.98192973518325,0,2,7.977923647575864,20.415195933632507
5.202839420172946,41.90929053392856,1,0,12.122756604634457,9.833884032939467
5.32852773934387,24.69562914788282,1,2,22.459534770957227,17.87645822194578
10.207560850373756,13.480688732111549,2,0,21.68981132771031,81.76937274382905
14.915020737706929,32.27139643712752,1,7,21.02928003727314,41.87850233044125
10.09666825281599,43.80483405984139,1,0,13.685504675762532,18.984968394178516
8.58785955186536,41.837055485740095,1,4,20.5722802109757,19.197849906420632
11.094432398469069,17.00492560521413,0,8,6.822729993078015,46.27824099059948
7.245481378113913,36.910584576498664,2,6,8.524796212370997,25.57995669622808
1.3720639677113855,18.820170537425884,1,3,13.03745087422892,7.838994735756018
8.653303830229692,18.72830138208689,1,8,14.21766513359615,42.73298023304731
14.385566625328012,44.96287093220741,2,8,10.479621609854567,41.05475049122409
3.0418926641860646,19.986758109609205,1,1,12.060103404412388,12.507031833199726
10.505070916899653,20.52989386072045,0,9,8.767193717431269,37.7240213294521
3.4135384855563187,10.026135630451982,1,9,14.315278539170421,34.42284117829949
8.269501424859678,44.82676136502071,0,5,19.49533597875364,14.924392179926196
1.9018085198774344,41.70379252836539,0,3,17.2431266922422,4.625741627516937
7.0303785757436845,35.09315740362712,1,7,7.832468205214202,20.79867193345162
11.464368268981069,40.01063055755369,2,6,14.288887257744173,36.08052067748764
5.53978710146524,16.081942696979674,0,6,17.859988507255323,26.59661158295078
10.141220005064662,28.33294378350302,2,9,15.008220041417001,45.594484629079425
12.034024431451073,24.048775493951236,1,8,12.658485141104332,46.50556846587518
13.944078382452064,13.75106105028066,0,4,16.57254516182593,64.03677207598288
3.902310186904076,29.445219408596962,1,5,22.466857310104682,14.197262386109877
6.290080779234968,46.829586013705416,2,0,7.613434466023326,14.051261840189161
2.710032193291053,11.60236476202778,1,5,12.630273032708532,22.119909278800847
14.89101078129644,21.658436539751754,1,1,12.912299501783625,54.04993919987778
13.941514034902282,18.30163744822814,0,5,15.808444277962307,49.28760200467927
8.329378389068115,19.525866146627852,1,8,8.586968231992604,38.84735231683158
12.709482768458109,46.337382075175015,1,7,9.002931507797982,27.877008788887412
8.053890670444613,28.722762169371606,1,8,10.851143561963529,28.803469437504642
9.541992476040015,28.65197651759275,0,9,22.249790735564833,27.317651984187574
1.792304265682241,40.42302569821129,2,7,18.479845880925346,10.316571234846098
11.451421097203715,16.17968816019703,2,2,17.248786128755555,78.03585726216414
2.351845512710905,29.490614164002032,1,7,19.88828068570246,11.431963630995618
12.477980638661661,27.19940856484239,0,5,8.16879997158378,30.958630055196526
11.839407271220596,33.87642762186624,1,5,20.60865793530378,31.61877643179158
10.776798117273158,49.98230813001754,2,5,16.11215613608757,27.155012087127925
1.0243255176090507,40.77795576328188,0,2,11.700593126801902,3.2700432385595573
4.895361161207265,25.91462812069709,2,9,19.869539347676735,26.770346882481764
4.315132263707222,43.10212209096188,2,0,19.643597083926608,10.654613667149782
5.721977908337027,16.828334532499206,0,3,20.37704588918436,22.224547197064208
1.7708198280756589,11.218547452358404,0,9,7.963804301818697,16.912878727028694
14.08588843395041,18.17793489857092,1,5,22.479141164928194,64.93900941081527
8.530132490329455,23.616462244570386,1,9,22.313644614425428,36.103008203928816
4.930102504541342,30.423230298382396,2,1,12.076983973529607,17.986974155208404
6.2562319975771095,34.60516562164799,0,6,7.120198309602634,15.083388217332173
6.984436837320117,46.42422868857687,0,6,8.839946380969357,13.617588985552516
9.208617833728951,30.394160382018306,1,3,22.87812403255985,25.68225776208845
7.9773517015992175,30.051025785029175,2,3,15.571220033918273,31.28531967711144
13.83118361160905,12.009720392919284,2,0,12.062570580042884,123.67850956623643
7.705970502134539,11.396462106248952,1,1,10.89944579545066,52.66423165651212
14.886291214938034,32.046398476654886,0,8,10.368859500286108,34.09815969955445
12.845661887303889,27.52714452993378,1,9,17.290597005926195,43.96229275534073
3.523402458181369,43.567215799211944,1,7,13.12959313583466,11.394349568010918
13.993630612336785,16.427183388473807,1,7,22.411981889266396,72.46949501308171
2.187312769339403,10.998866484681983,1,8,17.625331520971145,22.09430329280461
12.353020773122278,27.961550717205036,0,6,19.46475804783234,32.08055592216689
6.0190377554104115,19.4991422700903,1,8,10.976606325913718,30.076082752178618
13.230627646453508,11.984574933553498,0,9,7.34616895484664,72.63504645780131
13.08682200655803,38.98393147390516,1,1,14.292988235491977,27.28370323257064
12.185918301705506,14.4637199982899,2,5,11.347886291285864,95.13168605414496
11.95544132645239,34.33278000031087,0,2,9.435413805134703,22.59458999085924
4.917847516921592,21.241990006675564,2,5,22.194916223614644,28.47974784155685
1.6733296042431567,16.93984201420088,1,2,13.547799643814514,9.692470604430687
6.343212592094841,25.190060916772698,1,7,8.970046064829356,24.924787123719515
3.0161054673043757,42.057831048918146,1,3,9.377061095579364,8.094666919653832
10.576790789085695,25.683743076182907,0,9,10.772065621898097,31.67874248025964
5.51844603479789,40.03078596844223,2,5,22.988376559225117,19.06553628573571
14.646347912468766,15.019451871966027,0,8,10.556195508833154,64.31195178197581
9.794095121507315,40.91085678660316,0,1,11.589630677833712,15.4138919613088
12.425968172698234,19.477332996265947,1,1,17.20857817572802,50.89051085940568
2.4216077547568022,37.09572519555491,2,6,10.99734339897507,11.908225626210486
12.999209992953027,32.631262193639856,1,1,9.668672268014788,32.694555160138776
13.879979262444218,47.165788688467494,0,1,8.696832173043177,18.56041955404662
7.562397822874571,25.49290071901256,1,3,11.315605305472467,25.997859106338495
9.290667597389174,12.646607553377617,2,8,7.800566723689149,85.78701946487176
11.589742113093434,10.766219422050117,1,7,6.316991969051309,89.98102497147823
3.035160095275982,43.07434243891012,2,1,19.678908854689514,7.64338369482803
7.787208108719915,30.989425506457287,2,7,8.3442140210478,32.755358066849006
6.28061390269854,41.00976207339797,1,3,19.19160644685912,13.782173054913805
2.622422886352612,19.377024000460587,0,1,19.558222142773218,8.990416843537366
5.829249123227206,23.80334982052935,1,9,15.144631947597134,26.49366966463977
1.4884984860896568,11.204154888452758,0,6,11.264593291320175,13.174890767209682
0.8742726507675613,48.459692982964484,0,5,8.465556473748103,5.327428990937431
2.45991119274493,36.71471626803253,1,9,18.525686814256986,12.257627060647204
14.46516911804302,47.32820351037225,0,4,16.223578761690362,21.16131954548967
8.468178270477747,20.619856297162894,0,0,17.14270876039059,23.46958389455655
14.50442133672169,34.458544449026434,1,1,6.147374527367227,33.666482382816845
6.771219235786914,37.13999873170551,1,7,21.767789267033017,20.38958563441239
5.021333929736263,22.701988010303538,1,0,7.126933186591354,17.306608563586174
7.83905701118354,43.9243694006252,0,2,12.235700047380096,12.265653138959493
6.872919485177197,47.88645851600991,2,1,12.846098044078904,16.372263662108022
2.032137921795287,45.394204707840174,0,4,6.023043916465131,5.692132995868811
9.79198156300799,39.5626790375749,2,3,14.45051825896355,29.228080417452837
3.6325536463891943,21.09858718899816,1,6,18.79775290668717,18.02681473220096
9.484025346018528,21.264641684225268,2,4,19.995567102951128,50.918534692702764
9.927915839773224,48.53441281784151,1,7,20.949748886200034,21.517574852782413
2.7043603703653973,10.411379837427681,1,3,14.29122076136128,22.61198192510258
1.3895695931046883,38.64199892968578,2,5,16.720815239004057,8.821274299090138
11.821042997992377,38.24984650221049,1,3,7.351835126040479,26.102908049857444
7.1671061446551425,34.907581637991896,2,1,14.296649812789749,22.894472469372957
1.343375034829399,49.604353843474634,1,0,8.631867832819498,1.9840474929509813
14.925561598961623,22.47517743054901,0,0,12.283932999582865,39.621614696570454
1.3378181344473163,23.598874551729928,0,7,11.598190318698189,9.257947372124473
10.578010818449021,13.157576117862222,1,3,13.200189813105638,66.22694811675261
14.763344416319498,27.711925461749498,1,4,15.717822505560253,44.59356885814834
3.9681115111309215,20.441941049393925,2,7,21.34890300007093,26.822494700800387
2.5626158459643444,23.73546808710577,0,6,12.70623873290759,10.321754536122178
2.260081621625219,43.38287161022511,2,7,22.679230327096363,11.029622011073615
4.897489639730136,47.41938054109983,1,7,18.903476816870448,14.433486916854982
1.965164259654377,17.429322880207426,1,5,14.695177795402515,12.767046074510501
10.536339454564912,24.900357262138634,2,9,16.948449430903047,53.15029990807206
1.403231072885909,47.145222484615765,1,1,7.7378109092430565,2.810217541837832
7.886620858171951,12.472338427568905,0,5,20.35686603233213,42.06851653988588
14.952104380868164,13.69442112445514,2,0,15.900076736087419,118.73501049217981
12.302568907837273,16.511639568249173,0,0,22.76314716356323,44.12503649850228
9.420681854349658,33.80851336507499,0,2,16.819288643798433,19.41216406982981
4.940677501405869,16.018890840239898,0,2,20.179896915527525,19.332719285617266
9.546489626228757,48.72305525802934,2,4,19.595966627519076,24.1180911923773
8.14210122671895,27.868581090340815,1,0,11.87283957496057,22.370567799583455
6.678209066410386,30.060718414006654,0,9,10.413380628964598,20.39320955995436
2.3953004627328927,19.86634463221626,0,5,13.31839091833567,10.8097947422272
13.355761120986768,28.83841009738934,0,6,13.943102854950231,32.12508283770047
7.021877407909177,36.47654530548046,1,9,10.081439932922946,21.62193127803806
3.3220264214010933,40.04708547816171,1,2,21.20816384696652,8.392361865516392
5.8325105877207,40.15472330839652,2,3,15.223313659110982,17.96812059018995
6.504881411669442,33.115644507763534,1,9,22.63355466661068,22.271726755910198
12.499299485719677,46.17439099975429,2,9,19.770302226786477,36.57647547838249
11.13740851814033,42.696313892244376,2,9,15.446982626663083,34.62467205591353
11.654920957799428,40.281924587945014,2,9,22.099684728454108,38.601233040310454
0.6599533342153846,12.224220867218424,2,9,14.582871856620221,12.98374948627824
6.534232973606542,10.275118488785973,2,2,21.080810712817396,70.24867800141882
7.479490198712193,18.497891087818918,0,0,12.088461280328694,24.520155015333632
0.778288013934322,36.54094375653809,1,7,12.436920517869599,8.083089240259811
4.267291526802996,26.44789955530183,0,9,13.10822161050583,17.042312537180607
11.524202435270958,26.09625037197247,2,9,15.292635981035184,54.793269443178744
2.4880907330704862,45.38347552918455,1,1,15.409334593380008,4.484927584717813
8.261996906062578,45.82251392527355,0,0,14.438781668510432,9.6228498339869
3.620427144249944,46.36701056214343,0,7,11.202016550913847,10.34885978738422
0.6757512323364525,22.55512306060109,2,6,21.762509901444126,7.405862111011811
3.9974211351933513,37.64223250957047,0,6,16.00596365493732,9.901575053299899
14.65016944619578,20.865327250974786,0,3,12.931566675257113,44.35235680430199
12.122288122303349,17.62439332297799,0,8,17.070008332641507,47.788525217463466
14.413861342654984,17.38529829389477,0,5,19.05543488276669,54.11715288205073
7.573883636932256,23.68430483454376,0,1,22.33237749988013,20.517720835878386
2.091174880823801,27.198304791192868,2,0,14.492335758548904,8.741567980860527
8.445412590118547,43.23796684220274,2,0,7.905674675962899,21.54627940148198
7.088471351119432,14.795643738908485,0,8,13.493018624421202,34.41147202079918
12.74317769972443,39.39703389579577,2,3,14.142499544709013,37.25836987129131
1.9221974213715465,31.258196567572213,2,4,21.24889932915646,10.131290104933163
7.579496486815784,21.5178137070397,1,2,12.711613063870203,29.09813127821479
2.6757056380627717,29.712783381312985,0,3,22.206512503081353,7.72556569438909
5.207800939905869,21.997682791080905,2,7,14.247242431143691,31.182306305999557
11.191677622123095,33.843278209532244,2,3,22.55426851664179,38.23742725470752
7.402262875847114,27.353756914209768,0,8,6.139371459226357,22.598290716595972
5.950380134613655,16.57622116315515,1,8,21.279861371707895,33.97658631020245
6.219906039265512,14.663322982227868,0,5,21.82904768303696,28.59946035838358
7.161978141886806,31.867827282885205,1,1,22.337355908008625,18.227712876869113
11.882739885637324,46.09652133144414,0,9,6.222301080968452,22.695513544446317
13.435227989633399,23.75830746230742,0,6,8.918914221355253,38.753050176948314
14.35235295430696,39.320004288904926,0,8,17.113996552585014,28.777301918560973
11.910099100701778,36.346454197590674,0,5,6.433035759496821,24.22625665528213
5.073399988346185,47.26219657237924,1,2,7.081352935000512,9.920963783155136
10.47795323825486,42.839240691965635,1,6,9.758340852788512,23.829411618729534
6.845245298803183,32.66421035621852,2,4,14.711476068646032,26.11948529216439
4.192724019667742,36.28121992936429,0,0,15.280343507535727,7.14698374169335
12.692637901675878,45.935458663361395,1,2,6.582439087489574,22.931259725066766
1.0571820599537125,25.98075138347739,1,4,8.89624326328603,6.703402832751465
13.575548885963642,23.071788234311093,1,6,14.494996446689141,50.622380245751636
7.191423237058645,10.432443345407854,0,2,16.096990556037888,42.89740029371607
9.739421413720066,43.06204296765857,2,5,8.52282884026566,28.64336542083029
10.06063187198385,42.039228016134594,1,4,12.7803040030985,21.716012701681255
13.479207240244778,14.178180724006054,0,0,21.37482442078819,57.089382067516595
9.731710391424507,33.07429524530801,1,9,22.981287879784926,30.299326500672677
9.402036979020895,28.559267926675496,1,5,22.7826457321294,30.087079577400832
1.4664545881300044,14.748363820364458,2,7,20.988466674876832,16.7126917024569
8.01691631820546,49.22272908242894,1,0,12.709221495149079,12.837398770155877
2.677450511847104,18.58783549853422,1,1,17.67176296527133,10.730981899096538
11.192789646461542,12.689367203622446,0,3,13.082067872331377,55.445305722645585
7.92721785178378,33.79389518007638,0,1,17.024959456011448,15.073469401053794
10.363302798521122,39.554667085321306,2,8,11.260352006481215,34.996409876121625
1.104257058734572,11.297737841887479,0,9,16.305438311375646,12.58647335210993
1.7294842326641466,36.34870554908089,0,7,14.903894441398448,7.393783139834927
10.886689126908893,31.291675038058177,2,7,6.416164518824399,43.577373511077504
1.545222871980764,14.130600355001937,1,3,19.441949363683932,10.317267012420277
1.5332225525962497,16.900955077854483,2,4,6.202263148167646,13.608639698351624
0.675572890905868,32.718971892643225,0,3,10.98365101830613,3.349538578491691
14.369270275342462,21.854304540531537,2,8,6.10070911271804,76.8967349363982
11.193871212155601,47.53262914605264,1,1,12.395424026018368,19.34370768384622
5.62214542327993,42.74960917936203,2,7,7.073728978790369,20.111532643987875
4.799765928671,49.342688260546524,0,1,21.5296864361311,6.914735420272612
5.570696831314819,20.38683355801656,0,0,13.066548017768767,16.645789197304723
11.732476202127136,48.78894531191908,2,9,13.81142817269497,32.81730430003684
10.089873860521008,27.249354791662313,1,2,11.947454013544533,29.718335776821156
3.185335734078285,23.900751812550183,2,8,16.667604621430026,20.598700774807543
3.024585362344223,12.01398107877413,1,2,19.334937982509466,20.664072177039618
1.926736920844261,12.110610314384104,1,8,17.018494631832624,19.02568030338252
10.074389435669403,37.68045023786619,2,6,18.719521012717166,34.11241738475498
11.58340360221517,28.317159777361116,1,9,21.40155227965743,39.19299037802102
4.343173210712559,19.060865041444227,0,0,20.68029103841429,13.671015852948404
0.8037019349482357,34.55881225300931,2,9,17.45899369681283,9.556438577205904
1.6914891784081965,20.114324730004448,1,4,9.648845369375287,10.249487844972808
14.533970505252942,33.1052701737769,0,8,16.840948467712792,31.826137434552397
4.783949273422594,24.368349879307615,2,2,14.603412627588686,22.19928426589614
11.653735643652938,42.94208906447276,0,8,18.19272692717714,23.59632246121035
9.557621748386826,42.82784643067117,0,4,20.15983802267955,15.962343821869545
6.038124774966991,29.094015924896052,0,8,18.626265452169097,19.117820890848257
3.482465301835549,24.032764373400624,1,9,20.39153988934185,18.870977200880393
2.2601030633113934,24.50239186236378,2,5,7.0857283467974055,12.998805210140157
9.417688036563566,42.22858102672872,2,8,6.537540650036887,29.61867831966221
11.732189819247926,23.12717931190448,1,6,10.394509650893097,45.000987376330286
9.836611676346395,18.36237494827384,2,6,21.31132342984668,62.16846599747491
8.189380932112796,13.387533675012273,0,7,20.002207266727556,41.83019968608551
1.1082927397587259,28.667724835376337,2,6,17.6063640625203,8.714836265916656
14.543087275118564,29.285283956793677,1,8,17.91289734647517,44.64959962850744
12.081355778991332,43.636348416116284,0,8,18.353397977389612,23.275003829627977
4.745919532163989,18.84954785784256,1,5,22.024245908240697,23.047740001349872
14.709569775703335,25.239650946735996,0,6,20.14724958922848,38.78488487678452
9.22728304972667,42.336229555747636,0,1,16.59763657945981,14.45532255777254
8.945128544005074,42.94494442995894,2,8,17.31716239937139,28.329181660471388
11.347061101728215,25.384443039150728,0,0,9.633584455039074,26.444498951383608
12.270661927306994,28.364960931467238,1,0,17.17442002765663,34.15767349787586
10.018939806306788,22.131435633971318,2,2,13.219543211113795,50.52691174840294
2.3573883223099004,47.30219513677248,1,5,8.600351800297643,8.44343819920337
5.4048788369202265,14.745750629663213,0,4,19.708847927191762,25.614854684555596
13.957212784727721,47.3499769200588,1,1,14.674200696653475,23.565114199004682
3.7569263717358528,37.35465807341373,1,8,22.616225708720165,14.755771595507909
5.8964218456439434,31.26288610746925,0,9,10.788549026066924,18.600350112242438
6.765114802690842,11.306362431379835,2,3,14.171391909186305,66.72215558445997
6.8713723505695565,29.023847672880333,1,3,13.615922729370759,21.011637425442544
9.38762394617062,26.309924200109293,0,4,8.053251881353837,23.95382288436996
14.17459964729826,16.448752479004902,2,7,13.243959740123252,99.08518321389693
3.9900443215713217,36.25638414002628,2,9,10.888408759155723,19.4375465146055
2.261769956363312,48.846036294731434,2,3,8.725448013237884,7.461018056739445
3.363322102969091,32.487552442581006,1,4,10.796644928614366,10.315929299146198
13.360411053034408,38.59013105775783,1,3,9.965278751528665,29.981828539476048
9.864256783500487,12.738018102640671,1,5,18.479250027099926,64.62135177961936
4.645648443967822,26.70667983267979,2,2,6.523178030405722,20.37520771882611
12.33123061504495,14.654339406579835,1,7,16.496866714524764,71.14455901230136
12.989864947269822,34.511833421460416,0,5,18.93124281440131,26.31496383132946
12.774457911009032,47.539286328566185,1,9,14.172298759972545,27.987433852561956
13.82443473777354,36.47110929886554,1,4,21.83660466013461,33.1506382883961
4.157494792513743,13.072121932576861,2,1,18.0339718190211,34.890263766721674
11.448107966821036,24.186648199403315,1,9,18.714702072294095,43.98207866437271
7.17782271047503,32.02653517763406,0,9,9.347869286494795,20.583470143588947
12.708979016905893,26.128310245330088,2,6,19.21402478926425,57.281799564802576
11.063114818843392,43.34576041900689,0,1,20.145610513412954,15.804861356476055
11.758487974246007,42.58684018839957,2,0,12.141528602901822,29.73436318257766
10.014346646375536,34.47324080412886,2,6,9.627172156560512,36.34525030447805
3.0727171573107497,24.93831780530821,1,4,12.545861546461484,12.358187321313686
8.402890324005606,20.213454950529766,0,0,18.57333547300233,24.859681017588056
14.777711223105369,14.234972728525172,2,3,13.099863099767946,115.48322092064515
14.092126964208225,24.19590733946216,1,3,18.523081878821394,47.79701572234385
1.1260191690566692,26.526900688308782,2,9,7.93059719661814,11.319194009411545
2.8898148280768385,37.03291700416294,2,6,19.702199078304233,12.703931627905579
2.4100672150911477,36.32639297190294,2,8,10.304527187920076,12.9326406815839
11.026708694786784,12.804325585650279,2,1,10.231792791148093,94.61998263883503
12.357887282925704,25.810372617246312,2,0,16.03647640846563,52.213912727398274
3.5959148115047426,17.271154688694477,2,1,7.192006777698824,22.64116519288008
7.834864047801521,16.27250821267223,1,6,6.4470613536393655,42.46218191035321
12.6901939061624,43.09208598948984,2,9,10.437487309988636,39.61735182159846
11.125622399110634,11.676608668650301,0,5,15.147148362491986,61.1485349670059
8.3624394796318,26.767315036084852,1,3,21.429478565828862,26.52235538369254
9.060041511652207,16.728146230660727,0,0,20.389397997224215,33.6167278459349
7.871227930286059,45.17320862713896,2,0,14.337589818656582,17.865840647262406
4.814452544122898,32.28162053100141,0,4,6.629883892789377,13.464637709252631
8.692818896455734,19.25522545507392,2,0,15.099296488698254,48.7868652670856
10.488836879726314,30.097091486655057,2,6,17.981525198730026,43.08321684723703
13.163182279981712,39.25945438812463,1,0,11.765797052925574,25.552074635227378
9.726224632699097,48.32472035677735,1,0,7.88807615578813,15.336119624277153
11.53626228712579,18.81784016981676,2,1,10.73565520449621,66.46933766948932
2.8210387068413083,45.44727088517381,1,9,19.117010695952835,11.991161696015471
7.192583379086954,47.37216456669961,0,2,11.971145148816582,10.863748731656171
0.6353084874928527,46.65682178128265,1,0,19.803685341657072,1.595497817856263
4.076843535563533,35.41657427447639,1,8,11.431864680727088,14.52294397492686
11.03369486913857,35.19282617738831,0,9,8.780435653034909,26.08971017482345
14.88124429456577,26.12842532735291,1,7,13.40942211173134,50.471756336355135
1.9380824440146307,40.09591529215152,2,4,13.688666708915363,8.961397907628717
6.32166757998868,31.251760734037276,0,1,6.273839715338728,12.716658276463045
12.101029046137812,37.09752284913178,2,4,7.9897662360075445,38.215029413395484
3.458516702119033,27.13831615395182,0,5,9.143742319137896,11.600409156893194
8.54873176488315,39.259858561725565,2,0,7.9309843954374735,23.609744558303543
11.129533792430285,42.97886070418196,2,3,11.805943282163184,31.018295468509013
9.431789028772595,15.857450264112645,1,8,22.398588545489307,52.18825829735516
3.226358651923534,43.31718862296912,2,1,14.656783151560326,8.450948607650817
5.653076245943222,31.61186127161229,1,4,16.66845240580099,16.482854456180085
11.86498087503826,43.78663636360897,0,0,12.058570134891479,16.472236021971497
8.536284454914242,27.252068253640584,2,3,11.499291947933482,36.77999615238461
0.5758293963722347,25.1616194153214,2,3,6.393495122555142,4.161121243395558
11.534366020407361,46.6024293006889,0,5,14.505672146492381,18.89469253930856
1.0120146466334665,20.04677070193605,0,9,14.221353114778328,10.743462229198014
11.313139849602866,43.76849301144573,2,8,8.683122345079092,34.707767394783446
3.4359681223959426,29.360822900376164,0,2,18.993508003513963,9.007913349872446
14.392065461731013,30.56381770205039,1,8,14.37546361528705,42.53414884961181
5.835140893880225,22.33873125957936,0,5,11.762897492746745,20.057427063709365
5.240508436902147,32.92168802476063,0,6,8.497451453389758,14.257899456291891
2.658876729820448,23.00844785104845,2,9,15.386734058507212,20.215657114747092
4.931261124608116,11.570776569666092,1,1,18.797889443509767,34.26680910434361
13.211436046508908,20.87994421377424,0,9,10.793988995644519,44.756247734183475
14.946847895595086,10.255161736263627,1,5,9.719503976804283,117.82402313342874
5.840488192349301,49.13419148227427,1,5,14.872894389097809,13.680970156955581
7.0048541488408675,48.6298883927899,1,1,8.640836142670288,11.782266815279712
10.970028603939687,25.8062118988922,2,1,17.332427572102844,46.77439715773444
13.349838816743581,39.134834173585844,0,1,16.29084167505192,20.599146931181586
9.09914284570837,23.832243936417,2,9,7.480394843054286,48.70888021594877
6.1771226235785255,36.84372628343904,0,0,6.620846449483356,10.031310952078583
6.4830166923050445,42.21720172183916,0,4,16.544907094005943,12.870846709423521
10.5864631242037,47.87024978768963,2,7,11.002994157808594,29.74453725626811
0.5466648222620409,26.00849103398688,1,1,7.469577803947775,2.2358724581801934
9.48404539316769,41.33191931824191,1,4,18.910287984260272,20.67473931230965
5.6546486513996825,20.637138025284752,0,7,11.33874805129995,21.502011668000314
12.015861303517722,49.61329215174593,2,9,13.813192343849801,33.10284835156323
1.8483642774354163,11.030783950574046,1,4,10.025819766714077,16.713554462106313
9.028932870751662,34.141152260044834,1,1,16.664390332085397,20.549663491634814
7.474106903348794,36.38023926605308,0,2,11.12530306102411,13.408785902891452
9.813720125625798,37.521822282965154,0,5,22.456356340869682,20.122319830033586
1.440377120003041,14.815503151563561,2,4,17.95010832648741,14.364337487469141
8.909764917707903,47.541191338925216,0,3,8.324278698348918,13.15310931693196
8.641526525413093,17.247331162003313,1,3,13.083812274448935,40.95737049198933
8.629571369034478,34.91013612959364,1,4,12.552158695407936,23.184701347327966
9.250571165648594,18.907043164923397,1,1,15.082200882246513,38.900941650368146
10.308785089782253,22.288656680850835,1,8,20.312821466147305,42.0287134925389
12.172340495371161,31.858341669124975,2,1,15.91817425811103,42.586627946399354
4.412400441859107,26.68773674258306,2,9,7.046463519199987,25.307853575573258
12.4632164476109,16.409024039060252,0,1,17.142066845648536,46.74038450294031
7.724707392820077,16.837456096833932,0,9,6.140510065079592,34.30564892988592
1.617345047447802,26.725791526511987,0,8,19.25932782918668,10.218388492176357
1.3489884740376983,40.29131913102003,2,2,17.332813230991114,5.839077190792185
5.346455621092882,45.91858587391154,1,9,11.24935619199396,16.602199908098772
11.88100616811628,13.365106490375315,0,6,10.971510678021769,58.597360336245764
10.761373553743278,25.72415630237604,1,3,19.570640941287195,35.731879041943856
11.934916987749894,14.009822548915064,0,5,19.31672376271855,55.32761711977139
8.000401318403336,10.663699225303915,0,3,11.989140024404918,47.13221995745472
6.882885470354613,36.468747305758264,0,9,11.082111377356267,18.962583922430323
2.638061637241117,34.09797767866351,0,6,15.517021411007429,8.889173304099542
5.258794927335018,16.52076455259545,0,0,6.142216219730451,18.987695795465868
6.793280809521192,19.352513323722565,1,2,7.405339645771219,29.27425087080095
1.7847062303544499,10.948310145780734,0,2,8.144883032528526,9.772032182293614
3.6988733143125634,43.39788822777615,1,0,9.15200090306196,6.774299832950698
9.174266763924212,48.98762384194206,2,5,14.704308153482975,24.375754463551527
11.167115156468252,15.418381471787633,0,8,22.868112552639076,49.28840379414611
14.976038915197769,19.259008550611924,1,7,17.094427829705012,66.41667746648436
14.030143304481586,44.73638095787736,2,6,7.042079505636801,38.76573993260703
9.817195393260278,47.058551918247396,2,9,14.93484935905811,29.74757935838958
6.608096772764044,26.785095312272414,2,7,14.442968610621575,32.83917879899894
9.724571788269374,12.024898890762966,1,5,8.450852868906841,67.51828855250203
11.891948462163363,11.575673347712776,0,8,21.64463026964093,68.35933509868042
2.2158747683891162,32.95799464276042,0,2,13.493009210481272,5.121887284848833
6.44362090059618,25.715804355727162,1,9,22.907505390365575,26.735825133278066
12.67713314171645,11.14609710310618,0,9,13.141229019286794,76.03386119072152
6.0655778030291385,33.33009569250227,1,8,16.335280945621356,20.487499881160407
8.792147932794204,10.452101463560899,0,3,7.780963119674482,53.64821357686069
9.022655732501875,41.494878325970916,2,6,13.721873004716777,28.61814114102872
3.1749056704377705,22.257312908134864,0,8,10.059020198067547,15.813510664242784
5.752413903958182,11.610320120369284,1,1,20.204601575710996,38.91197671807559
5.350413686758016,33.53408883932613,1,1,19.326632942748176,13.167687093999579
0.8798522737149395,25.90737657732219,2,8,20.011059993631093,10.037771919955246
0.850780576424651,48.95201653428598,1,2,18.301360441885173,3.258717935835829
12.559607133298716,31.76794650014809,0,8,20.15561480154087,29.751983539800843
4.45952674460578,21.009567241480333,0,4,9.414088752973655,15.131899295795389
8.012142110462824,38.37755458535899,2,5,13.684744201856628,26.736427813842024
4.831520817037209,20.859680101708452,1,1,17.76139695908146,18.683129777221584
14.139849054172437,46.1697316563026,2,7,16.835672464897293,38.44051402079089
4.259803003553719,24.988878820295056,0,8,18.178026208859478,16.28167268220464
6.730023784714558,31.99474251104821,2,1,9.812392513570938,23.579507069051225
13.154588632026726,12.022924152969154,1,5,7.673390053764826,88.80336498248687
12.708036718481225,27.04484951808923,2,5,21.585711827271197,54.65075208874563
3.198470558771021,43.2945415864398,1,7,15.522922224645093,10.948048986719655
12.138327992037802,42.22595221453368,1,9,8.615040716625986,29.317394308775807
7.143709857699443,18.97274235414105,0,4,19.488421892085146,25.968398902895853
7.503048645237651,19.043162840422507,0,8,21.553808922697804,30.36583879361889
2.4354596000311846,42.69221248852947,0,0,8.882579815708855,3.2697632560847003
1.6687219494783074,47.21593680677302,1,8,19.89601173957488,9.640618142031126
11.055119951119595,13.814436850920142,2,9,21.86482604242518,93.14155681444385
7.698686709151846,28.00234557704901,1,6,21.952147205032297,25.48459582182034
6.834335187920104,23.498171158569157,0,3,21.54065984810952,19.182561912409348
11.077869315459752,44.827538218297576,0,2,15.289157210121747,15.889614483653931
11.599937035371092,13.34099658720075,2,9,12.055592393315777,100.44907173244793
2.8041684312056265,18.445037702321496,0,5,6.1236377307981575,14.132277255129225
9.348264667425799,40.09873350345977,0,0,7.03550785681596,13.21275982153298
2.46263419302644,12.051753959248623,0,2,13.290263260055642,14.32900885209945
11.394938747421163,29.70141522857157,2,1,12.788544488655676,42.22160210424012
10.025849765873524,27.6842813871888,1,8,9.140136462688014,34.75996434295689
14.37091200571014,23.376047159549948,0,2,12.723160476538165,38.03338517802437
1.4998912371681072,25.782892612756953,2,1,8.969051112741258,7.245506810984231
1.3272934566931875,31.19762347720932,0,3,20.42945129718929,4.495722578496686
4.591712583051402,16.454694335535326,2,1,11.06931292388518,31.398980840162448
